strDrink,strAlcoholic,strGlass,strIngredient1,strIngredient2,strIngredient3,strIngredient4,strIngredient5,strIngredient6,strIngredient7,strIngredient8,strIngredient9,strIngredient10,strIngredient11,strIngredient12,strMeasure1,strMeasure2,strMeasure3,strMeasure4,strMeasure5,strMeasure6,strMeasure7,strMeasure8,strMeasure9,strMeasure10,strMeasure11,strMeasure12
'57 Chevy with a White License Plate,Alcoholic,Highball glass,Creme de Cacao,Vodka,,,,,,,,,,,1 oz white ,1 oz , , , , , ,,,,,
1-900-FUK-MEUP,Alcoholic,Old-fashioned glass,Absolut Kurant,Grand Marnier,Chambord raspberry liqueur,Midori melon liqueur,Malibu rum,Amaretto,Cranberry juice,Pineapple juice,,,,,1/2 oz ,1/4 oz ,1/4 oz ,1/4 oz ,1/4 oz ,1/4 oz ,1/2 oz ,1/4 oz , , , , 
110 in the shade,Alcoholic,Beer Glass,Lager,Tequila,,,,,,,,,,,16 oz ,1.5 oz , , , , , ,,,,,
151 Florida Bushwacker,Alcoholic,Beer mug,Malibu rum,Light rum,151 proof rum,Dark Creme de Cacao,Cointreau,Milk,Coconut liqueur,Vanilla ice-cream,,,,,1/2 oz ,1/2 oz ,1/2 oz Bacardi ,1 oz ,1 oz ,3 oz ,1 oz ,1 cup , , , , 
155 Belmont,Alcoholic,White wine glass,Dark rum,Light rum,Vodka,Orange juice,,,,,,,,,1 shot ,2 shots ,1 shot ,1 shot , , , , , ,,,
24k nightmare,Alcoholic,Shot glass,Goldschlager,Jägermeister,Rumple Minze,151 proof rum,,,,,,,,,1/2 oz ,1/2 oz ,1/2 oz ,1/2 oz Bacardi , , , , , ,,,
252,Alcoholic,Shot glass,151 proof rum,Wild Turkey,,,,,,,,,,,1/2 shot Bacardi ,1/2 shot , , , , , ,,,,,
3 Wise Men,Alcoholic,Collins glass,Jack Daniels,Johnnie Walker,Jim Beam,,,,,,,,,,1/3 oz ,1/3 oz ,1/3 oz , , , , , ,,,,
3-Mile Long Island Iced Tea,Alcoholic,Collins Glass,Gin,Light rum,Tequila,Triple sec,Vodka,Coca-Cola,Sweet and sour,Bitters,Lemon,,,,1/2 oz ,1/2 oz ,1/2 oz ,1/2 oz ,1/2 oz ,"
",1-2 dash ,1 wedge , , , , 
410 Gone,Alcoholic,Collins Glass,Peach Vodka,Coca-Cola,,,,,,,,,,,2-3 oz,,,,,,,,,,,
50/50,Alcoholic,Collins Glass,Vanilla vodka,Grand Marnier,Orange juice,,,,,,,,,,2 1/2 oz ,1 splash ,Fill with , , , , , ,,,,
501 Blue,Alcoholic,Collins Glass,Blue Curacao,Blueberry schnapps,Vodka,Sour mix,7-Up,,,,,,,,"
","
","
","
","
","
","
","
",,,,
69 Special,Alcoholic,Collins Glass,Gin,7-Up,Lemon juice,,,,,,,,,,2 oz dry ,4 oz ,0.75 oz , , , , , ,,,,
747,Alcoholic,Shot glass,Kahlua,Bailey's irish cream,Frangelico,,,,,,,,,,1/3 part ,1/3 part ,1/3 part , , , , , ,,,,
9 1/2 Weeks,Alcoholic,Cocktail glass,Absolut Citron,Orange Curacao,Strawberry liqueur,Orange juice,,,,,,,,,2 oz ,1/2 oz ,1 splash ,1 oz , , , , , ,,,
A Day at the Beach,Alcoholic,Highball glass,Coconut rum,Amaretto,Orange juice,Grenadine,,,,,,,,,1 oz ,1/2 oz ,4 oz ,1/2 oz , , , , , ,,,
A Furlong Too Late,Alcoholic,Highball glass,Light rum,Ginger beer,Lemon peel,,,,,,,,,,2 oz ,4 oz ,1 twist of , , , , , ,,,,
A Gilligan's Island,Alcoholic,Collins glass,Vodka,Peach schnapps,Orange juice,Cranberry juice,,,,,,,,,1 oz ,1 oz ,3 oz ,3 oz , , , , , ,,,
A Night In Old Mandalay,Alcoholic,Highball glass,Light rum,Añejo rum,Orange juice,Lemon juice,Ginger ale,Lemon peel,,,,,,,1 oz ,1 oz ,1 oz ,1/2 oz ,3 oz ,1 twist of , , , , , ,
A Piece of Ass,Alcoholic,Highball glass,Amaretto,Southern Comfort,Ice,Sour mix,,,,,,,,,1 shot ,1 shot ," cubes
","
","
","
","
","
","
",,,
A Splash of Nash,Alcoholic,Highball glass,Cranberry juice,Soda water,Midori melon liqueur,Creme de Banane,,,,,,,,,2 oz ,2 oz ,0.5 oz ,0.5 oz , , , , , ,,,
A True Amaretto Sour,Alcoholic,Old-fashioned glass,Amaretto,Lemon,Ice,Maraschino cherry,,,,,,,,,1 jigger ,Juice of 1/2 ,"
", , , , , ,,,,
A midsummernight dream,Alcoholic,Collins Glass,Vodka,Kirschwasser,Strawberry liqueur,Strawberries,Schweppes Russchian,,,,,,,,2 oz ,1 oz ,1 tsp ,5,"
","
","
","
","
","
",,
A. J.,Alcoholic,Cocktail glass,Applejack,Grapefruit juice,,,,,,,,,,,1 1/2 oz ,1 oz , , , , , ,,,,,
A.D.M. (After Dinner Mint),Alcoholic,Irish coffee cup,White Creme de Menthe,Southern Comfort,Vodka,Hot chocolate,,,,,,,,,1/2 oz ,3/4 oz ,1/2 oz ,Fill with , , , , , ,,,
A1,Alcoholic,Cocktail glass,Gin,Grand Marnier,Lemon Juice,Grenadine,,,,,,,,,1 3/4 shot ,1 Shot ,1/4 Shot,1/8 Shot,"
","
","
",,,,,
ABC,Alcoholic,Shot glass,Amaretto,Bailey's irish cream,Cognac,,,,,,,,,,44199,44199,44199, , , , , ,,,,
ACID,Alcoholic,Shot glass,151 proof rum,Wild Turkey,,,,,,,,,,,1 oz Bacardi ,1 oz , , , , , ,,,,,
AT&T,Alcoholic,Highball Glass,Absolut Vodka,Gin,Tonic water,,,,,,,,,,1 oz ,1 oz ,4 oz , , , , , ,,,,
Abbey Cocktail,Alcoholic,Cocktail glass,Gin,Orange bitters,Orange,Cherry,,,,,,,,,1 1/2 oz ,1 dash ,Juice of 1/4 ,1, , , , , ,,,
Abbey Martini,Alcoholic,Cocktail glass,Gin,Sweet Vermouth,Orange Juice,Angostura Bitters,,,,,,,,,2 shots ,1 shot ,1 shot ,3 dashes ,"
","
","
",,,,,
Abilene,Alcoholic,Highball glass,Dark rum,Peach nectar,Orange juice,,,,,,,,,,1 1/2 oz ,2 oz ,3 oz , , , , , ,,,,
Absinthe #2,Alcoholic,Jar,Vodka,Sugar,Anise,Licorice root,Wormwood,,,,,,,,1 bottle ,50 gr ,50 ml pure ,1 tblsp ,1, , , , , ,,
Absolut Evergreen,Alcoholic,Collins Glass,Absolut Citron,Pisang Ambon,Ice,Bitter lemon,,,,,,,,,2/3 part ,1/3 part ," cubes
","
","
","
","
","
","
",,,
Absolut Sex,Alcoholic,Old-fashioned glass,Absolut Kurant,Midori melon liqueur,Cranberry juice,Sprite,,,,,,,,,3/4 oz ,3/4 oz ,1 oz ,1 splash , , , , , ,,,
Absolut Stress #2,Alcoholic,Collins Glass,Absolut Vodka,Peach schnapps,Coconut liqueur,Cranberry juice,Pineapple juice,,,,,,,,1 1/2 oz ,1/2 oz ,1/2 oz ,1 1/2 oz ,1 1/2 oz , , , , , ,,
Absolut Summertime,Alcoholic,Collins glass,Absolut Citron,Sweet and sour,Sprite,Soda water,Lemon,,,,,,,,1 1/2 oz ,3/4 oz ,1/2 oz ,3 oz ,1 slice , , , , , ,,
Absolut limousine,Alcoholic,Collins Glass,Absolut Citron,Lime juice,Ice,Tonic water,,,,,,,,,44230,44199,Fill with ,Top it up with , , , , , ,,,
Absolutely Cranberry Smash,Alcoholic,Cocktail glass,Absolut Vodka,Cranberry juice,Ginger ale,Ice,,,,,,,,,2 oz ,4 oz ,2 oz ,Add , , , , , ,,,
Absolutely Fabulous,Alcoholic,Champagne flute,Vodka,Cranberry Juice,Champagne,,,,,,,,,,1 shot ,2 shots ,Top up with,"
","
","
","
",,,,,
Absolutly Screwed Up,Alcoholic,Collins glass,Absolut Citron,Orange juice,Triple sec,Ginger ale,,,,,,,,,1 shot ,1 shot ,1 shot ,Fill to top , , , , , ,,,
Acapulco,Alcoholic,Old-fashioned glass,Light rum,Triple sec,Lime juice,Sugar,Egg white,Mint,,,,,,,1 1/2 oz ,1 1/2 tsp ,1 tblsp ,1 tsp ,1,1, , , , , ,
Ace,Alcoholic,Martini Glass,Gin,Grenadine,Heavy cream,Milk,Egg White,,,,,,,,2 shots ,1/2 shot ,1/2 shot ,1/2 shot ,1/2 Fresh,"
","
",,,,,
Adam,Alcoholic,Cocktail glass,Dark rum,Lemon juice,Grenadine,,,,,,,,,,2 oz ,1 oz ,1 tsp , , , , , ,,,,
Adam & Eve,Alcoholic,Cocktail glass,Gin,Cognac,Creme de Cassis,Fresh Lemon Juice,,,,,,,,,1 shot ,1 shot ,1 shot ,1/8 shot ,,,,,,,,
Adam Bomb,Alcoholic,Margarita/Coupette glass,Rum,Vodka,Tequila,Triple sec,Fruit,Ice,Salt,Fruit juice,,,,,1 part ,1 part ,1 part ,1/2 part ,"
","
",1-3 pint , , , , , 
Adam Sunrise,Alcoholic,Collins Glass,Vodka,Lemonade,Water,Sugar,,,,,,,,,44198,1/2 can ,44198,10 tsp , , , , , ,,,
Addington,Alcoholic,Cocktail glass,Sweet Vermouth,Dry Vermouth,Soda Water,,,,,,,,,,2 shots ,1 shot ,"Top up with
","
","
","
","
",,,,,
Addison,Alcoholic,Martini Glass,Gin,Vermouth,,,,,,,,,,,1 1/2 shot ,1 1/2 shot ,"
","
","
","
","
",,,,,
Addison Special,Alcoholic,Old-fashioned glass,Vodka,Grenadine,Orange juice,,,,,,,,,,1 shot ,1 tblsp ,Fill with , , , , , ,,,,
Adios Amigos Cocktail,Alcoholic,Martini Glass,Rum,Dry Vermouth,Cognac,Gin,Fresh Lime Juice,Sugar Syrup,Water,,,,,,1 shot ,1/2 shot ,1/2 shot ,1/2 shot ,1/4 shot,1/4 shot,1/2 shot ,,,,,
Adonis Cocktail,Alcoholic,Cocktail glass,Sweet Vermouth,Sherry,Orange bitters,,,,,,,,,,3/4 oz ,1 1/2 oz dry ,1 dash , , , , , ,,,,
Affair,Alcoholic,Highball glass,Strawberry schnapps,Orange juice,Cranberry juice,Club soda,,,,,,,,,2 oz ,2 oz ,2 oz ,"
","
","
","
","
","
",,,
Affinity,Alcoholic,Cocktail glass,Scotch,Sweet Vermouth,Dry Vermouth,Orange bitters,,,,,,,,,1 1/2 oz ,1 oz ,1 oz ,2 dashes , , , , , ,,,
After Dinner Cocktail,Alcoholic,Cocktail glass,Apricot brandy,Triple sec,Lime,Lime,,,,,,,,,1 oz ,1 oz ,Juice of 1 ,1, , , , , ,,,
After Five,Alcoholic,Shot glass,Peppermint schnapps,Kahlua,Bailey's irish cream,,,,,,,,,,"
","
","
","
","
","
","
",,,,,
After Supper Cocktail,Alcoholic,Cocktail glass,Triple sec,Apricot brandy,Lemon juice,,,,,,,,,,1 oz ,1 oz ,1/2 tsp , , , , , ,,,,
After sex,Alcoholic,Highball glass,Vodka,Creme de Banane,Orange juice,,,,,,,,,,2 cl ,1 cl ,"
","
","
","
","
","
",,,,
Afterglow,Non alcoholic,Highball Glass,Grenadine,Orange juice,Pineapple juice,,,,,,,,,,1 part ,4 parts ,4 parts , , , , , ,,,,
Afternoon,Alcoholic,Collins Glass,Kahlua,Bailey's irish cream,Frangelico,Coffee,Cream,,,,,,,,1 cl ,1 cl ,1.5,4 cl hot ,"
","
","
","
","
","
",,
Alabama Slammer,Alcoholic,Highball glass,Southern Comfort,Amaretto,Sloe gin,Lemon juice,,,,,,,,,1 oz ,1 oz ,1/2 oz ,1 dash , , , , , ,,,
Alaska Cocktail,Alcoholic,Cocktail glass,Orange bitters,Gin,Yellow Chartreuse,Lemon peel,,,,,,,,,2 dashes ,1 1/2 oz ,3/4 oz ,Twist of , , , , , ,,,
Alexander,Alcoholic,Cocktail glass,Gin,Creme de Cacao,Light cream,Nutmeg,,,,,,,,,1/2 oz ,1/2 oz white ,2 oz ,,,,,,,,,
Alfie Cocktail,Alcoholic,Cocktail glass,Lemon vodka,Triple sec,Pineapple juice,,,,,,,,,,1 1/2 oz ,1 dash ,1 tblsp , , , , , ,,,,
Algonquin,Alcoholic,Cocktail glass,Blended whiskey,Dry Vermouth,Pineapple juice,,,,,,,,,,1 1/2 oz ,1 oz ,1 oz , , , , , ,,,,
Alice Cocktail,Non alcoholic,Cocktail glass,Grenadine,Orange juice,Pineapple juice,Cream,,,,,,,,,1 cl ,1 cl ,2 cl ,4 cl , , , , , ,,,
Alice in Wonderland,Alcoholic,Collins Glass,Amaretto,Grand Marnier,Southern Comfort,,,,,,,,,,1 shot ,1 shot ,1 shot , , , , , ,,,,
Allegheny,Alcoholic,Cocktail glass,Dry Vermouth,Bourbon,Blackberry brandy,Lemon juice,Lemon peel,,,,,,,,1 oz ,1 oz ,1 1/2 tsp ,1 1/2 tsp ,1 twist of , , , , , ,,
Allies Cocktail,Alcoholic,Cocktail glass,Dry Vermouth,Gin,Kummel,,,,,,,,,,1 oz ,1 oz ,1/2 tsp , , , , , ,,,,
Almeria,Alcoholic,Cocktail glass,Dark rum,Kahlua,Egg white,,,,,,,,,,2 oz ,1 oz ,1, , , , , ,,,,
Almond Chocolate Coffee,Alcoholic,Coffee mug,Amaretto,Dark Creme de Cacao,Coffee,,,,,,,,,,3/4 oz ,1/2 oz ,8 oz , , , , , ,,,,
Almond Joy,Alcoholic,Cocktail glass,Amaretto,Creme de Cacao,Light cream,,,,,,,,,,1/2 oz ,1/2 oz white ,2 oz , , , , , ,,,,
Aloha Fruit punch,Non alcoholic,Collins Glass,Water,Ginger,Guava juice,Lemon juice,Pineapple,Sugar,Pineapple juice,,,,,,3/4 cup ,2 tsp ,2 cups ,1 1/2 tblsp ,1 1/2 cup ,1 cup ,3-4 cups , , , , , 
Amaretto And Cream,Alcoholic,Cocktail glass,Amaretto,Light cream,,,,,,,,,,,1 1/2 oz ,1 1/2 oz , , , , , ,,,,,
Amaretto Liqueur,Alcoholic,Collins Glass,Sugar,Water,Apricot,Almond flavoring,Grain alcohol,Water,Brandy,Food coloring,Food coloring,Food coloring,Glycerine,,1 cup,3/4 cup ,2,1 tblsp ,1/2 cup pure ,1/2 cup ,1 cup ,3 drops yellow ,6 drops red ,2 drops blue ,1/2 tsp , 
Amaretto Mist,Alcoholic,Old-fashioned glass,Amaretto,Lime,,,,,,,,,,,1 1/2 oz ,1, , , , , ,,,,,
Amaretto Rose,Alcoholic,Collins glass,Amaretto,Lime juice,Club soda,,,,,,,,,,1 1/2 oz ,1/2 oz ,"
","
","
","
","
","
",,,,
Amaretto Shake,Alcoholic,Collins Glass,Chocolate ice-cream,Brandy,Amaretto,,,,,,,,,,2 scoops ,2 oz ,2 oz , , , , , ,,,,
Amaretto Sour,Alcoholic,Collins Glass,Amaretto,Sour mix,,,,,,,,,,,1 1/2 oz ,3 oz , , , , , ,,,,,
Amaretto Stinger,Alcoholic,Cocktail glass,Amaretto,White Creme de Menthe,,,,,,,,,,,1 1/2 oz ,3/4 oz , , , , , ,,,,,
Amaretto Stone Sour,Alcoholic,Collins Glass,Amaretto,Sour mix,Orange juice,,,,,,,,,,1 part ,1 part ,1 part , , , , , ,,,,
Amaretto Stone Sour #3,Alcoholic,Highball glass,Sour mix,Amaretto,Tequila,Orange juice,,,,,,,,,2 oz ,2 oz ,2 oz ,Add splash , , , , , ,,,
Amaretto Sunrise,Alcoholic,Collins Glass,Amaretto,Orange juice,Grenadine,,,,,,,,,,1 cl ,4 oz ,1/4 cl , , , , , ,,,,
Amaretto Sunset,Alcoholic,Collins Glass,Triple sec,Amaretto,Cider,Ice,,,,,,,,,1/2 jigger ,3 shots ,1/2 cup ,Add 1/2 cup , , , , , ,,,
Amaretto Sweet & Sour,Alcoholic,Margarita/Coupette glass,Amaretto,Sweet and sour,Midori melon liqueur,Pineapple juice,,,,,,,,,"
","
", , , , , ,,,,,
Amaretto Tea,Alcoholic,Pousse cafe glass,Tea,Amaretto,Whipped cream,,,,,,,,,,6 oz hot ,2 oz ,Chilled , , , , , ,,,,
Americano,Alcoholic,Collins glass,Campari,Sweet Vermouth,Lemon peel,Orange peel,,,,,,,,,1 oz ,1 oz red ,Twist of ,Twist of , , , , , ,,,
Angel Face,Alcoholic,Cocktail glass,Apricot brandy,Apple brandy,Gin,,,,,,,,,,1/2 oz ,1/2 oz ,1 oz , , , , , ,,,,
Angelica Liqueur,Alcoholic,Collins Glass,Angelica root,Almond,Allspice,Cinnamon,Anise,Coriander,Marjoram leaves,Vodka,Sugar,Water,Food coloring,Food coloring,3 tblsp chopped,1 tblsp chopped ,1 cracked ,1 one-inch ,3-6 crushed ,1/8 tsp powdered ,1 tblsp fresh chopped ,1.5 cup ,1/2 cup granulated ,1/4 cup ,1 drop yellow ,1 drop green 
Apello,Non alcoholic,Collins Glass,Orange juice,Grapefruit juice,Apple juice,Maraschino cherry,,,,,,,,,4 cl ,3 cl ,1 cl ,1, , , , , ,,,
Apple Berry Smoothie,Non alcoholic,Highball Glass,Berries,Apple,,,,,,,,,,,1 cup ,2, , , , , ,,,,,
Apple Cider Punch #1,Optional alcohol,Collins Glass,Apple cider,Brown sugar,Lemonade,Orange juice,Cloves,Allspice,Nutmeg,Cinnamon,,,,,4 qt ,1 cup ,6 oz frozen ,6 oz frozen ,6 whole ,6 whole ,1 tsp ground ,3 sticks , , , , 
Apple Grande,Alcoholic,Punch Bowl,Tequila,Apple cider,,,,,,,,,,,3 oz ,12 oz , , , , , ,,,,,
Apple Karate,Non alcoholic,Highball Glass,Apple juice,Carrot,,,,,,,,,,,2 cups ,1 large , , , , , ,,,,,
Apple Pie with A Crust,Alcoholic,Collins Glass,Apple juice,Malibu rum,Cinnamon,,,,,,,,,,3 parts ,1 part ,3 dashes , , , , , ,,,,
Apple Slammer,Alcoholic,Shot glass,7-Up,Apple schnapps,,,,,,,,,,,1 part ,1 part , , , , , ,,,,,
Applecar,Alcoholic,Cocktail glass,Applejack,Triple sec,Lemon juice,,,,,,,,,,1 oz ,1 oz ,1 oz , , , , , ,,,,
Applejack,Alcoholic,Cocktail glass,Jack Daniels,Midori melon liqueur,Sour mix,,,,,,,,,,1 oz ,1/2 oz ,2 oz , , , , , ,,,,
Apricot Lady,Alcoholic,Old-fashioned glass,Light rum,Apricot brandy,Triple sec,Lemon juice,Egg white,Orange,,,,,,,1 1/2 oz ,1 oz ,1 tsp ,1/2 oz ,1,1, , , , , ,
Apricot punch,Alcoholic,Punch bowl,Apricot brandy,Champagne,Vodka,7-Up,Orange juice,,,,,,,,1 qt ,4 fifth ,1 fifth ,4 L ,1/2 gal , , , , , ,,
Archbishop,Alcoholic,Old-fashioned glass,Gin,Wine,Benedictine,Lime,,,,,,,,,2 oz ,1 oz Green Ginger ,1 tsp ,1, , , , , ,,,
Arctic Fish,Alcoholic,Beer pilsner,Vodka,Grape soda,Orange juice,Ice,Candy,,,,,,,,1/3 part ,1/3 part ,1/3 part ,lots ,1 dash , , , , , ,,
Arctic Mouthwash,Alcoholic,Cocktail glass,Maui,Mountain Dew,Ice,,,,,,,,,,5 oz blue ,5 oz ," cubes
","
","
","
","
","
",,,,
Arise My Love,Alcoholic,Champagne flute,Champagne,Green Creme de Menthe,,,,,,,,,,,Chilled ,1 tsp , , , , , ,,,,,
Arizona Antifreeze,Alcoholic,Shot glass,Vodka,Midori melon liqueur,Sweet and sour,,,,,,,,,,1/3 oz ,1/3 oz ,1/3 oz , , , , , ,,,,
Arizona Stingers,Alcoholic,Hurricane glass,Absolut Vodka,Iced tea,,,,,,,,,,,2 shots ,12 oz lemon , , , , , ,,,,,
Arizona Twister,Alcoholic,Hurricane glass,Vodka,Malibu rum,Gold tequila,Orange juice,Pineapple juice,Cream of coconut,Grenadine,Ice,Pineapple,,,,1 shot ,1 shot ,1 shot ,1 splash ,1 splash ,1 splash ,1 dash ,crushed ,1 wedge , , , 
Army special,Alcoholic,Cocktail glass,Vodka,Gin,Lime juice cordial,Ice,,,,,,,,,30 ml ,30 ml ,45 ml ,1/2 glass crushed , , , , , ,,,
Arthur Tompkins,Alcoholic,Whiskey sour glass,Gin,Grand Marnier,Lemon juice,Lemon peel,,,,,,,,,2 oz ,1/2 oz ,2 tsp ,1 twist of , , , , , ,,,
Artillery,Alcoholic,Cocktail glass,Sweet Vermouth,Gin,Bitters,,,,,,,,,,1 1/2 tsp ,1 1/2 oz ,2 dashes , , , , , ,,,,
Artillery Punch,Alcoholic,Punch bowl,Tea,Rye whiskey,Red wine,Rum,Brandy,Benedictine,Orange juice,Lemon juice,,,,,1 quart black ,1 quart ,1 fifth ,1 pint Jamaican ,1/2 pint ,1 1/2 oz ,1 pint ,1/2 pint , , , , 
Atlantic Sun,Alcoholic,Collins Glass,Vodka,Southern Comfort,Passion fruit syrup,Sweet and sour,Club soda,,,,,,,,2 cl Smirnoff ,2 cl ,2 cl ,6 cl ,1 dash , , , , , ,,
Atomic Lokade,Alcoholic,Collins Glass,Lemonade,Vodka,Blue Curacao,Triple sec,Sugar,Ice,,,,,,,5 oz ,1 oz ,1/2 oz ,1/2 oz ,"
", , , , , ,,
Auburn Headbanger,Alcoholic,Shot glass,Jägermeister,Goldschlager,,,,,,,,,,,1 oz ,1 oz , , , , , ,,,,,
Autodafé,Alcoholic,Highball glass,Vodka,Lime juice,Soda water,,,,,,,,,,4 cl ,1 dash ,"
","
","
","
","
","
",,,,
Avalanche,Alcoholic,Highball glass,Crown Royal,Kahlua,Cream,,,,,,,,,,1 shot ,1 shot ,Fill with , , , , , ,,,,
Avalon,Alcoholic,Highball glass,Vodka,Pisang Ambon,Apple juice,Lemon juice,Lemonade,,,,,,,,3 parts,1 part ,6 parts ,1 1/2 part ,"
","
","
","
","
","
",,
Aviation,Alcoholic,Cocktail glass,Gin,lemon juice,maraschino liqueur,,,,,,,,,,4.5 cl,1.5 cl,1.5 cl,,,,,,,,,
Aztec Punch,Alcoholic,Punch bowl,Lemonade,Vodka,Rum,Ginger ale,,,,,,,,,1 can ,5 oz ,7 oz ,About 1 bottle , , , , , ,,,
B-52,Alcoholic,Shot glass,Bailey's irish cream,Grand Marnier,Kahlua,,,,,,,,,,44199,44199,44200, , , , , ,,,,
B-53,Alcoholic,Collins Glass,Kahlua,Sambuca,Grand Marnier,,,,,,,,,,1/3 shot ,1/3 shot ,1/3 shot , , , , , ,,,,
Baby Eskimo,Alcoholic,Collins Glass,Kahlua,Milk,Vanilla ice-cream,,,,,,,,,,2 oz ,8 oz ,2 scoops , , , , , ,,,,
Baby Guinness,Alcoholic,Shot glass,Kahlua,Bailey's irish cream,,,,,,,,,,,2 1/2 oz ,1/2 oz , , , , , ,,,,,
Bacardi Cocktail,Alcoholic,Cocktail glass,Light rum,Lime juice,Sugar syrup,Grenadine,,,,,,,,,1 3/4 oz Bacardi ,1 oz ,1/2 tsp ,1 dash , , , , , ,,,
Bailey's Dream Shake,Alcoholic,Collins glass,Bailey's irish cream,Vanilla ice-cream,Cream,,,,,,,,,,2 oz ,2 scoops ,"
","
","
","
","
","
",,,,
Balmoral,Alcoholic,Cocktail glass,Scotch,Sweet Vermouth,Dry Vermouth,Bitters,,,,,,,,,1 1/2 oz ,1/2 oz ,1/2 oz ,2 dashes , , , , , ,,,
Banana Cantaloupe Smoothie,Non alcoholic,Highball Glass,Cantaloupe,Banana,,,,,,,,,,,Juice of 1/2 ,1, , , , , ,,,,,
Banana Daiquiri,Alcoholic,Champagne flute,Light rum,Triple sec,Banana,Lime juice,Sugar,Cherry,,,,,,,1 1/2 oz ,1 tblsp ,1,1 1/2 oz ,1 tsp ,1, , , , , ,
Banana Milk Shake,Non alcoholic,White wine glass,Milk,Orange juice,Sugar syrup,Banana,,,,,,,,,10 cl cold ,4 cl ,2 tsp ,44198, , , , , ,,,
Banana Strawberry Shake,Non alcoholic,Highball Glass,Strawberries,Banana,Yoghurt,Milk,Honey,,,,,,,,1/2 lb frozen ,1 frozen ,1 cup plain ,1 cup ," to taste
","
","
","
","
","
",,
Banana Strawberry Shake Daiquiri-type,Non alcoholic,Cocktail Glass,Strawberries,Banana,Apple juice,,,,,,,,,,1/2 lb frozen ,1 frozen ,2 cups fresh , , , , , ,,,,
Barracuda,Alcoholic,Margarita glass,Rum,Galliano,Pineapple Juice,Lime Juice,Prosecco,,,,,,,,4.5 cl,1.5 cl,6 cl, 1 dash,top up , , ,,,,,
Belgian Blue,Alcoholic,Highball glass,Vodka,Coconut liqueur,Blue Curacao,Sprite,,,,,,,,,2 cl ,1 cl ,1 cl ,Fill with , , , , , ,,,
Bellini,Alcoholic,Champagne Flute,Champagne,Peach schnapps,,,,,,,,,,,6 oz ,1 oz , , , , , ,,,,,
Bellini Martini,Alcoholic,Cocktail glass,Ice,Vodka,Peach nectar,Peach schnapps,Lemon peel,,,,,,,,8 cubes ,3 oz ,1.5 oz ,1.5 oz ,1, , , , , ,,
Bermuda Highball,Alcoholic,Highball glass,Brandy,Gin,Dry Vermouth,Carbonated water,Lemon peel,,,,,,,,3/4 oz ,3/4 oz ,3/4 oz ,"
","
","
","
","
","
","
",,
Berry Deadly,Alcoholic,Collins Glass,Everclear,Wine,Orange juice,Kool-Aid,,,,,,,,,2 pint ,1 bottle Boone Strawberry Hill ,1/2 gal ,1 gal Tropical Berry , , , , , ,,,
Between The Sheets,Alcoholic,Cocktail glass,Brandy,Light rum,Triple sec,Lemon juice,,,,,,,,,1 oz ,1 oz ,1 oz ,1 oz , , , , , ,,,
Bible Belt,Alcoholic,Highball glass,Southern Comfort,Triple sec,Lime,Sour mix,,,,,,,,,2 oz ,1/2 oz ,2 wedges ,2 oz , , , , , ,,,
Big Red,Alcoholic,Shot glass,Irish cream,Goldschlager,,,,,,,,,,,1/2 oz ,1/2 oz , , , , , ,,,,,
Black & Tan,Alcoholic,Pint glass,Ale,Guinness stout,,,,,,,,,,,1 part Bass pale ,1 part , , , , , ,,,,,
Black Forest Shake,Alcoholic,Collins Glass,Ice,Chocolate syrup,Cherry brandy,Vodka,Milk,,,,,,,," cubes
","
","
","
","
","
","
","
",,,,
Black Russian,Alcoholic,Old-fashioned glass,Coffee liqueur,Vodka,,,,,,,,,,,3/4 oz ,1 1/2 oz , , , , , ,,,,,
Black and Brown,Alcoholic,Beer pilsner,Guinness stout,Root beer,,,,,,,,,,,44198,44198, , , , , ,,,,,
Blackthorn,Alcoholic,Cocktail glass,Sweet Vermouth,Sloe gin,Lemon peel,,,,,,,,,,1 oz ,1 1/2 oz ,1 twist of , , , , , ,,,,
Bleeding Surgeon,Alcoholic,Collins glass,Dark rum,Orange,Surge,Cranberry juice,,,,,,,,,1 shot ,1 slice ,1/2 glass ,1/2 glass , , , , , ,,,
Blind Russian,Alcoholic,Collins glass,Bailey's irish cream,Godiva liqueur,Kahlua,Butterscotch schnapps,Milk,,,,,,,,3/4 oz ,3/4 oz ,3/4 oz ,1/2 oz ," to fill
","
","
","
","
","
",,
Bloody Maria,Alcoholic,Old-fashioned glass,Tequila,Tomato juice,Lemon juice,Tabasco sauce,Celery salt,Lemon,,,,,,,1 oz ,2 oz ,1 dash ,1 dash ,1 dash ,1 slice , , , , , ,
Bloody Mary,Alcoholic,Old-fashioned glass,Vodka,Tomato juice,Lemon juice,Worcestershire sauce,Tabasco sauce,Lime,,,,,,,1 1/2 oz ,3 oz ,1 dash ,1/2 tsp ,2-3 drops ,1 wedge , , , , , ,
Blue Lagoon,Alcoholic,Highball glass,Vodka,Blue Curacao,Lemonade,Cherry,,,,,,,,,1 oz ,1 oz ,"
","
","
","
","
","
","
",,,
Blue Margarita,Alcoholic,Cocktail glass,Tequila,Blue Curacao,Lime juice,Salt,,,,,,,,,1 1/2 oz ,1 oz ,1 oz ,Coarse , , , , , ,,,
Blue Mountain,Alcoholic,Old-fashioned glass,Añejo rum,Tia maria,Vodka,Orange juice,Lemon juice,,,,,,,,1 1/2 oz ,1/2 oz ,1/2 oz ,1 oz ,1 tsp , , , , , ,,
Bluebird,Alcoholic,Cocktail glass,Gin,Triple sec,Blue Curacao,Bitters,Maraschino cherry,Lemon peel,,,,,,,1 1/2 oz ,1/2 oz ,1/2 oz ,2 dashes ,1,1 twist of , , , , , ,
Bob Marley,Alcoholic,Shot glass,Midori melon liqueur,Jägermeister,Goldschlager,,,,,,,,,,1/2 oz ,1/2 oz ,1/2 oz , , , , , ,,,,
Bobby Burns Cocktail,Alcoholic,Cocktail glass,Sweet Vermouth,Scotch,Benedictine,Lemon peel,,,,,,,,,1 1/2 oz ,1 1/2 oz ,1 1/4 tsp ,1 twist of , , , , , ,,,
Boomerang,Alcoholic,Cocktail glass,Gin,Dry Vermouth,Bitters,Maraschino liqueur,Maraschino cherry,,,,,,,,2 oz ,1/2 oz ,2 dashes ,1/2 tsp ,1, , , , , ,,
Boozy Snickers Milkshake,Alcoholic,Mason jar,Vanilla Ice-Cream,Milk,Godiva liqueur,Whipped Cream,caramel sauce,chocolate sauce,Mini-snickers bars,,,,,,3 cups ,1 cup ,1/2 cup ,for topping,"4 tablespoons
","4 tablespoons
","15
",,,,,
Bora Bora,Non alcoholic,Highball glass,Pineapple juice,Passion fruit juice,Lemon juice,Grenadine,,,,,,,,,10 cl ,6 cl ,1 cl ,1 cl , , , , , ,,,
Boston Sidecar,Alcoholic,Cocktail glass,Light rum,Brandy,Triple sec,Lime,,,,,,,,,3/4 oz ,3/4 oz ,3/4 oz ,Juice of 1/2 , , , , , ,,,
Boston Sour,Alcoholic,Whiskey sour glass,Blended whiskey,Lemon,Powdered sugar,Egg white,Lemon,Cherry,,,,,,,2 oz ,Juice of 1/2 ,1 tsp ,1,1 slice ,1, , , , , ,
Bourbon Sling,Alcoholic,Highball glass,Sugar,Water,Lemon juice,Bourbon,Lemon peel,,,,,,,,1 tsp superfine ,2 tsp ,1 oz ,2 oz ,1 twist of , , , , , ,,
Bourbon Sour,Alcoholic,Whiskey sour glass,Bourbon,Lemon juice,Sugar,Orange,Maraschino cherry,,,,,,,,2 oz ,1 oz ,1/2 tsp superfine ,1,1, , , , , ,,
Boxcar,Alcoholic,Whiskey sour glass,Gin,Triple sec,Lemon juice,Grenadine,Egg white,,,,,,,,1 1/2 oz ,1 oz ,1 tsp ,1/2 tsp ,1, , , , , ,,
Brain Fart,Alcoholic,Punch bowl,Everclear,Vodka,Mountain Dew,Surge,Lemon juice,Rum,,,,,,,1 fifth ,1 fifth Smirnoff red label ,2 L ,2 L ,1 small bottle ,1 pint , , , , , ,
Brainteaser,Alcoholic,Shot Glass,Sambuca,Erin Cream,Advocaat,,,,,,,,,,30 ml white ,30 ml ,5 ml , , , , , ,,,,
Bramble,Alcoholic,Old-Fashioned glass,Gin,lemon juice,Sugar syrup,Creme de Mure,,,,,,,,,4 cl,1.5 cl,1 cl,1.5 cl,, , ,,,,,
Brandon and Will's Coke Float,Alcoholic,Beer mug,Vanilla ice-cream,Coca-Cola,Bourbon,,,,,,,,,,2 scoops ,1 can ,2 oz , , , , , ,,,,
Brandy Alexander,Alcoholic,Cocktail glass,Brandy,Creme de Cacao,Light cream,Nutmeg,,,,,,,,,1 oz ,1 oz white ,1 oz ,"
","
","
","
","
","
",,,
Brandy Cobbler,Alcoholic,Old-fashioned glass,Sugar,Club soda,Lemon,Brandy,Maraschino cherry,Orange,,,,,,,1 tsp superfine ,3 oz ,1,2 oz ,1,1, , , , , ,
Brandy Flip,Alcoholic,Whiskey sour glass,Brandy,Egg,Sugar,Light cream,Nutmeg,,,,,,,,2 oz ,1 whole ,1 tsp superfine ,1/2 oz ,1/8 tsp grated , , , , , ,,
Brandy Sour,Alcoholic,Whiskey sour glass,Brandy,Lemon,Powdered sugar,Lemon,Cherry,,,,,,,,2 oz ,Juice of 1/2 ,1/2 tsp ,1/2 slice ,1, , , , , ,,
Brave Bull Shooter,Alcoholic,Shot glass,Tequila,Tabasco sauce,,,,,,,,,,,1/2 oz ,1/2 oz , , , , , ,,,,,
Bruce's Puce,Alcoholic,Shot glass,Grenadine,Kahlua,Bailey's irish cream,,,,,,,,,,"
","
","
","
","
","
","
",,,,,
Bruised Heart,Alcoholic,Shot glass,Vodka,Chambord raspberry liqueur,Peachtree schnapps,Cranberry juice,,,,,,,,,1/2 oz ,1/2 oz ,1/2 oz ,1/2 oz , , , , , ,,,
Bubble Gum,Alcoholic,Shot glass,Vodka,Banana liqueur,Orange juice,Peach schnapps,,,,,,,,,44200,44200,44200,44200, , , , , ,,,
Buccaneer,Alcoholic,Beer pilsner,Corona,Bacardi Limon,,,,,,,,,,,1,1 shot , , , , , ,,,,,
Bumble Bee #1,Alcoholic,Shot glass,Bailey's irish cream,Kahlua,Sambuca,,,,,,,,,,1/3 oz ,1/3 oz ,1/3 oz , , , , , ,,,,
Butter Baby,Alcoholic,Beer mug,Vanilla Ice-Cream,Butterscotch schnapps,Milk,Vodka,,,,,,,,,2 scoops ,1 part ,full glass ,2 parts ,"
","
","
",,,,,
Cafe Savoy,Alcoholic,Coffee mug,Coffee,Milk,Triple sec,Brandy,,,,,,,,,"
",1/2 oz ,1/2 oz , , , , , ,,,,
Caipirinha,Alcoholic,Old-fashioned glass,Sugar,Lime,Cachaca,,,,,,,,,,2 tsp,1,2 1/2 oz , , , , , ,,,,
Caipirissima,Alcoholic,Collins Glass,Lime,Sugar,White rum,Ice,,,,,,,,,2,2 tblsp ,2-3 oz ,crushed , , , , , ,,,
California Lemonade,Alcoholic,Collins glass,Blended whiskey,Lemon,Lime,Powdered sugar,Grenadine,Carbonated water,,,,,,,2 oz ,Juice of 1 ,Juice of 1 ,1 tblsp ,1/4 tsp ,"
","
","
","
","
","
",
California Root Beer,Alcoholic,Highball glass,Kahlua,Galliano,Soda water,,,,,,,,,,3/4 oz ,3/4 oz ,Fill with , , , , , ,,,,
Campari Beer,Alcoholic,Beer mug,Lager,Campari,,,,,,,,,,,1 bottle ,1 1/2 cl , , , , , ,,,,,
Caribbean Boilermaker,Alcoholic,Beer pilsner,Corona,Light rum,,,,,,,,,,,1 bottle ,1 shot , , , , , ,,,,,
Caribbean Orange Liqueur,Alcoholic,Collins Glass,Orange,Vodka,Sugar,,,,,,,,,,3 large ,3 cups ,1 1/3 cup superfine , , , , , ,,,,
Casino,Alcoholic,Cocktail glass,Gin,Maraschino liqueur,Lemon juice,Orange bitters,Cherry,,,,,,,,2 oz ,1/4 tsp ,1/4 tsp ,2 dashes ,1, , , , , ,,
Casino Royale,Alcoholic,Whiskey sour glass,Gin,Lemon juice,Maraschino liqueur,Orange bitters,Egg yolk,,,,,,,,2 oz ,1/2 oz ,1 tsp ,1 dash ,1, , , , , ,,
Castillian Hot Chocolate,Non alcoholic,Coffee mug,Cocoa powder,Sugar,Cornstarch,Water,Milk,,,,,,,,1/2 cup ,1 cup ,7 tsp ,1/2 cup ,1 qt , , , , , ,,
Champagne Cocktail,Alcoholic,Champagne flute,Champagne,Sugar,Bitters,Lemon peel,Cognac,,,,,,,,Chilled ,1 piece ,2 dashes ,1 twist of ,1 dash, , , , ,,,
Cherry Electric Lemonade,,Pint glass,Gin,Tequila,Vodka,White rum,Triple Sec,Cherry Grenadine,Sweet and sour,Club soda,,,,,1 oz,1 oz,1 oz,1 oz,1 oz,1 oz,1 oz,3 oz,,,,
Cherry Rum,Alcoholic,Cocktail glass,Light rum,Cherry brandy,Light cream,,,,,,,,,,1 1/4 oz ,1 1/2 tsp ,1 tblsp , , , , , ,,,,
Chicago Fizz,Alcoholic,Highball glass,Light rum,Port,Lemon,Powdered sugar,Egg white,Carbonated water,,,,,,,1 oz ,1 oz ,Juice of 1/2 ,1 tsp ,1,"
","
","
","
","
","
",
Chocolate Beverage,Non alcoholic,Coffee mug,Milk,Chocolate,Cinnamon,Egg,,,,,,,,,6 cups ,3 oz Mexican ,1 tsp powdered ,3, , , , , ,,,
Chocolate Black Russian,Alcoholic,Champagne flute,Kahlua,Vodka,Chocolate ice-cream,,,,,,,,,,1 oz ,1/2 oz ,5 oz , , , , , ,,,,
Chocolate Drink,Non alcoholic,Coffee mug,Chocolate,Milk,Water,,,,,,,,,,125 gr,3/4 L ,,,,,,,,,,
Chocolate Milk,Alcoholic,Shot Glass,Chocolate liqueur,Milk,Amaretto,,,,,,,,,,1/2 shot ,1/2 shot ,1 dash , , , , , ,,,,
Chocolate Monkey,Optional alcohol,Parfait glass,Banana liqueur,Creme de Cacao,Chocolate ice-cream,Chocolate syrup,Chocolate milk,Whipped cream,Cherry,Banana,,,,,1 shot ,2 shots ,2 scoops ,1 oz ,4 oz ,1,1,1 piece , , , , 
Citrus Coke,Alcoholic,Highball Glass,Bacardi Limon,Coca-Cola,,,,,,,,,,,1 part ,2 parts , , , , , ,,,,,
City Slicker,Alcoholic,Cocktail glass,Brandy,Triple sec,Lemon juice,,,,,,,,,,2 oz ,1/2 oz ,1 tblsp , , , , , ,,,,
Classic Old-Fashioned,Alcoholic,Old-fashioned glass,Bitters,Water,Sugar,Bourbon,Orange,Maraschino cherry,,,,,,,3 dashes ,1 tsp ,1,3 oz ,1,1, , , , , ,
Clove Cocktail,Alcoholic,Cocktail glass,Sweet Vermouth,Sloe gin,Wine,,,,,,,,,,1 oz ,1/2 oz ,1/2 oz Muscatel , , , , , ,,,,
Clover Club,Alcoholic,Cocktail glass,Gin,Grenadine,Lemon,Egg white,,,,,,,,,1 1/2 oz ,2 tsp ,Juice of 1/2 ,1, , , , , ,,,
Coffee Liqueur,Alcoholic,Collins Glass,Coffee,Vanilla extract,Sugar,Vodka,Water,,,,,,,,10 tblsp instant ,4 tblsp ,2 1/2 cups ,1 qt ,2 1/2 cups , , , , , ,,
Coffee-Vodka,Alcoholic,Collins Glass,Water,Sugar,Coffee,Vanilla,Vodka,Caramel coloring,,,,,,,2 cups ,2 cups white ,1/2 cup instant ,44198,1 1/2 cup ,"
","
","
","
","
","
",
Coke and Drops,Non alcoholic,Cocktail glass,Coca-Cola,Lemon juice,,,,,,,,,,,1 dl ,7 drops , , , , , ,,,,,
Cosmopolitan,Alcoholic,Cocktail glass,Absolut Citron,Lime juice,Cointreau,Cranberry juice,,,,,,,,,1 1/4 oz ,1/4 oz ,1/4 oz ,1/4 cup , , , , , ,,,
Cosmopolitan Martini,Alcoholic,Cocktail Glass,Cointreau,Vodka,Lime,Cranberry juice,,,,,,,,,1/2 oz ,1 oz ,Juice of 1/2 ,1 splash , , , , , ,,,
Cranberry Cordial,Alcoholic,Collins Glass,Cranberries,Sugar,Light rum,,,,,,,,,,1/2 kg chopped ,3/4 L ,1/2 L , , , , , ,,,,
Cranberry Punch,Non alcoholic,Punch Bowl,Cranberry juice,Sugar,Pineapple juice,Almond flavoring,Ginger ale,,,,,,,,4 cups ,1 1/2 cup ,4 cups ,1 tblsp ,2 qt , , , , , ,,
Cream Soda,Alcoholic,Highball glass,Spiced rum,Ginger ale,,,,,,,,,,,1 oz ,"
","
","
","
","
","
",,,,,
Creme de Menthe,Alcoholic,Collins Glass,Sugar,Water,Grain alcohol,Peppermint extract,Food coloring,,,,,,,,8 cups ,6 cups ,1 pint ,1 oz pure ,1 tblsp green , , , , , ,,
Cuba Libra,Alcoholic,Highball glass,Dark rum,Lime,Coca-Cola,Ice,,,,,,,,,1-2 shot ,Squeeze ,Fill with ,"
","
","
","
","
","
",,,
Cuba Libre,Alcoholic,Highball glass,Light rum,Lime,Coca-Cola,,,,,,,,,,2 oz ,Juice of 1/2 ,,,,,,,,,,
Daiquiri,Alcoholic,Cocktail glass,Light rum,Lime,Powdered sugar,,,,,,,,,,1 1/2 oz ,Juice of 1/2 ,1 tsp , , , , , ,,,,
Damned if you do,Alcoholic,Shot glass,Whiskey,Hot Damn,,,,,,,,,,,0.75 oz ,0.25 oz , , , , , ,,,,,
Danbooka,Alcoholic,Coffee Mug,Coffee,Everclear,,,,,,,,,,,3 parts ,1 part , , , , , ,,,,,
Dark Caipirinha,Alcoholic,Highball glass,demerara Sugar,Lime,Cachaca,,,,,,,,,,2 tsp ,1,2 1/2 oz,,,,,,,,,
Dark and Stormy,Alcoholic,Highball glass,Dark Rum,Ginger Beer,,,,,,,,,,,5 cl,10 cl,,,, , ,,,,,
Darkwood Sling,Alcoholic,Cocktail glass,Cherry Heering,Soda water,Orange juice,Ice,,,,,,,,,1 part ,1 part ,1 part ," cubes
","
","
","
","
","
",,,
Derby,Alcoholic,Cocktail glass,gin,Peach Bitters,Mint,,,,,,,,,,6 cl,2 dashes,2 Fresh leaves, , , , , ,,,,
Diesel,Alcoholic,Pint glass,Lager,Cider,Blackcurrant cordial,,,,,,,,,,1/2 pint ,1/2 pint ,1 dash , , , , , ,,,,
Dirty Martini,Alcoholic,Cocktail glass,Vodka,Dry Vermouth,Olive Brine,Lemon,Olive,,,,,,,,70ml/2fl oz,1 tbsp,2 tbsp,1 wedge,1,,,,,,,
Dirty Nipple,Alcoholic,Shot glass,Kahlua,Sambuca,Bailey's irish cream,,,,,,,,,,"
","
","
","
","
","
","
",,,,,
Downshift,Alcoholic,Hurricane glass,Fruit punch,Sprite,Tequila,151 proof rum,,,,,,,,,2 part ,1 part ,2 shots ,Float Bacardi , , , , , ,,,
Dragonfly,Alcoholic,Highball glass,Gin,Ginger ale,Lime,,,,,,,,,,1 1/2 oz ,4 oz ,1, , , , , ,,,,
Drinking Chocolate,Non alcoholic,Coffee mug,Heavy cream,Milk,Cinnamon,Vanilla,Chocolate,Whipped cream,,,,,,,2 oz ,6-8 oz ,1 stick ,1,2 oz finely chopped dark ,Fresh , , , , , ,
Dry Rob Roy,Alcoholic,Cocktail glass,Scotch,Dry Vermouth,Lemon peel,,,,,,,,,,2 1/2 oz ,1 1/2 tsp ,1 twist of , , , , , ,,,,
Dubonnet Cocktail,Alcoholic,Cocktail glass,Dubonnet Rouge,Gin,Bitters,Lemon peel,,,,,,,,,1 1/2 oz ,3/4 oz ,1 dash ,1 twist of , , , , , ,,,
Duchamp's Punch,Alcoholic,Old-fashioned glass,Pisco,Lime Juice,Pineapple Syrup,St. Germain,Angostura Bitters,Pepper,Lavender,,,,,,5 cl,2.5 cl,2.5 cl,1.5 cl,2 Dashes,Pinch,2 sprigs,,,,,
Egg Cream,Non alcoholic,Coffee mug,Chocolate syrup,Milk,Soda water,,,,,,,,,,2 tblsp ,6 oz whole ,6 oz , , , , , ,,,,
Egg Nog #4,Optional alcohol,Punch bowl,Egg yolk,Sugar,Milk,Light rum,Bourbon,Vanilla extract,Salt,Whipping cream,Egg white,Sugar,Nutmeg,,6,1/4 cup ,2 cups ,1/2 cup ,1/2 cup ,1 tsp ,1/4 tsp ,1 cup ,6,1/4 cup ,Ground , 
Egg Nog - Healthy,Optional alcohol,Collins Glass,Egg,Sugar,Condensed milk,Milk,Vanilla extract,Rum,Nutmeg,,,,,,1/2 cup ,3 tblsp ,13 oz skimmed ,3/4 cup skimmed ,1 tsp ,1 tsp ,"
","
","
","
","
","
"
Egg-Nog - Classic Cooked,Optional alcohol,Pitcher,Egg,Sugar,Salt,Milk,Vanilla extract,,,,,,,,6,1/4 cup ,1/4 tsp ,1 qt ,1 tsp , , , , , ,,
English Highball,Alcoholic,Highball glass,Brandy,Gin,Sweet Vermouth,Carbonated water,Lemon peel,,,,,,,,3/4 oz ,3/4 oz ,3/4 oz ,"
","
","
","
","
","
","
",,
English Rose Cocktail,Alcoholic,Cocktail glass,Apricot brandy,Gin,Dry Vermouth,Grenadine,Lemon juice,Cherry,,,,,,,3/4 oz ,1 1/2 oz ,3/4 oz ,1 tsp ,1/4 tsp ,1, , , , , ,
Espresso Martini,Alcoholic,Cocktail glass,Vodka,Kahlua,Sugar syrup,,,,,,,,,,5 cl,1 cl,1 dash,,,,,,,,,
Fahrenheit 5000,Alcoholic,Shot glass,Firewater,Absolut Peppar,Tabasco sauce,,,,,,,,,,1/2 oz ,1/2 oz ,1 dash , , , , , ,,,,
Flaming Dr. Pepper,Alcoholic,Collins Glass,Amaretto,Vodka,151 proof rum,Dr. Pepper,Beer,,,,,,,,1 oz ,1 oz ,1 oz Bacardi ,1 oz ,1 oz , , , , , ,,
Flaming Lamborghini,Alcoholic,Cocktail glass,Kahlua,Sambuca,Blue Curacao,Bailey's irish cream,,,,,,,,,1 oz ,1 oz ,1 oz ,1 oz , , , , , ,,,
Flander's Flake-Out,Alcoholic,Collins Glass,Sambuca,Sarsaparilla,,,,,,,,,,,1/4 glass ,3/4 glass , , , , , ,,,,,
Flying Dutchman,Alcoholic,Old-fashioned glass,Gin,Triple sec,,,,,,,,,,,2 oz ,1/2 oz , , , , , ,,,,,
Flying Scotchman,Alcoholic,Cocktail glass,Scotch,Sweet Vermouth,Bitters,Sugar syrup,,,,,,,,,1 oz ,1 oz ,1 dash ,1/4 tsp , , , , , ,,,
Foxy Lady,Alcoholic,Cocktail glass,Amaretto,Creme de Cacao,Light cream,,,,,,,,,,1/2 oz ,1/2 oz ,2 oz , , , , , ,,,,
Frappé,Non alcoholic,Highball Glass,Coffee,Milk,Sugar,,,,,,,,,,1/2 cup black ,1/2 cup ,1-2 tsp , , , , , ,,,,
Freddy Kruger,Alcoholic,Shot glass,Jägermeister,Sambuca,Vodka,,,,,,,,,,1/2 oz ,1/2 oz ,1/2 oz , , , , , ,,,,
"French ""75""",Alcoholic,Collins glass,Gin,Sugar,Lemon juice,Champagne,Orange,Maraschino cherry,,,,,,,1 1/2 oz ,2 tsp superfine ,1 1/2 oz ,4 oz Chilled ,1,1, , , , , ,
French 75,Alcoholic,Collins glass,Gin,Sugar,Lemon juice,Champagne,Orange,Maraschino cherry,,,,,,,1 1/2 oz ,2 tsp superfine ,1 1/2 oz ,4 oz Chilled ,1,1, , , , , ,
French Connection,Alcoholic,Old-fashioned glass,Cognac,Amaretto,,,,,,,,,,,1 1/2 oz ,3/4 oz , , , , , ,,,,,
French Martini,Alcoholic,Cocktail glass,Vodka,Raspberry Liqueur,pineapple juice,,,,,,,,,,4.5 cl,1.5 cl,1.5 cl,,,,,,,,,
Frisco Sour,Alcoholic,Whiskey sour glass,Blended whiskey,Benedictine,Lemon,Lime,Lemon,Lime,,,,,,,2 oz ,1/2 oz ,Juice of 1/4 ,Juice of 1/2 ,1 slice ,1 slice , , , , , ,
Frozen Daiquiri,Alcoholic,Champagne flute,Light rum,Triple sec,Lime juice,Sugar,Cherry,Ice,,,,,,,1 1/2 oz ,1 tblsp ,1 1/2 oz ,1 tsp ,1,1 cup crushed , , , , , ,
Frozen Mint Daiquiri,Alcoholic,Old-fashioned glass,Light rum,Lime juice,Mint,Sugar,,,,,,,,,2 oz ,1 tblsp ,6,1 tsp , , , , , ,,,
Frozen Pineapple Daiquiri,Alcoholic,Champagne flute,Light rum,Pineapple,Lime juice,Sugar,,,,,,,,,1 1/2 oz ,4 chunks ,1 tblsp ,1/2 tsp , , , , , ,,,
Fruit Cooler,Non alcoholic,Highball Glass,Apple juice,Strawberries,Sugar,Lemon,Apple,Soda water,Ice,,,,,,1 can frozen ,1 cup ,2 tblsp ,1,1,1 L ,"
","
","
","
","
","
"
Fruit Flip-Flop,Non alcoholic,Highball Glass,Yoghurt,Fruit juice,,,,,,,,,,,1 cup ,1 cup , , , , , ,,,,,
Fruit Shake,Non alcoholic,Highball Glass,Yoghurt,Banana,Orange juice,Fruit,Ice,,,,,,,,1 cup fruit ,1,4 oz frozen ,1/2 piece textural ,6, , , , , ,,
Fuzzy Asshole,Alcoholic,Coffee mug,Coffee,Peach schnapps,,,,,,,,,,,44198,44198, , , , , ,,,,,
GG,Optional alcohol,Collins Glass,Galliano,Ginger ale,Ice,,,,,,,,,,2 1/2 shots ,"
", , , , , ,,,,,
Gagliardo,Alcoholic,Cocktail glass,Peach Vodka,Lemon juice,Galliano,Sirup of roses,,,,,,,,,5 parts ,3 parts ,1 part ,1 part , , , , , ,,,
Gentleman's Club,Alcoholic,Old-fashioned glass,Gin,Brandy,Sweet Vermouth,Club soda,,,,,,,,,1 1/2 oz ,1 oz ,1 oz ,1 oz , , , , , ,,,
Gideon's Green Dinosaur,Alcoholic,Collins glass,Dark rum,Vodka,Triple sec,Tequila,Melon liqueur,Mountain Dew,,,,,,,1/2 oz ,1/2 oz ,1/2 oz ,1/2 oz ,1/2 oz ,Fill with , , , , , ,
Gin And Tonic,Alcoholic,Highball glass,Gin,Tonic water,Lime,,,,,,,,,,2 oz ,5 oz ,1, , , , , ,,,,
Gin Cooler,Alcoholic,Collins glass,Gin,Carbonated water,Powdered sugar,Orange spiral,Lemon peel,,,,,,,,2 oz ,"
","
","
","
","
","
","
","
","
",,
Gin Daisy,Alcoholic,Old-fashioned glass,Gin,Lemon juice,Sugar,Grenadine,Maraschino cherry,Orange,,,,,,,2 oz ,1 oz ,1/2 tsp superfine ,1/2 tsp ,1,1, , , , , ,
Gin Fizz,Alcoholic,Highball glass,Gin,Lemon,Powdered sugar,Carbonated water,,,,,,,,,2 oz ,Juice of 1/2 ,1 tsp ,,,,,,,,,
Gin Rickey,Alcoholic,Highball glass,Gin,Grenadine,lemon,Soda Water,Lime,,,,,,,,2 oz ,1 tsp ,Juice of 1/2 ,Top up with,Garnish,"
","
",,,,,
Gin Sling,Alcoholic,Old-fashioned glass,Gin,Lemon,Powdered sugar,Water,Orange peel,,,,,,,,2 oz ,Juice of 1/2 ,1 tsp ,1 tsp ,Twist of , , , , , ,,
Gin Smash,Alcoholic,Old-fashioned glass,Gin,Carbonated water,Sugar,Mint,Orange,Cherry,,,,,,,2 oz ,1 oz ,1 cube ,4,1 slice ,1, , , , , ,
Gin Sour,Alcoholic,Whiskey sour glass,Gin,Lemon juice,Sugar,Orange,Maraschino cherry,,,,,,,,2 oz ,1 oz ,1/2 tsp superfine ,1,1, , , , , ,,
Gin Squirt,Alcoholic,Highball glass,Gin,Grenadine,Powdered sugar,Pineapple,Strawberries,Carbonated water,,,,,,,1 1/2 oz ,1 tsp ,1 tblsp ,3 chunks ,2,"
","
","
","
","
","
",
Gin Swizzle,Alcoholic,Highball glass,Lime juice,Sugar,Gin,Bitters,Club soda,,,,,,,,1 1/2 oz ,1 tsp superfine ,2 oz ,1 dash ,3 oz , , , , , ,,
Gin Toddy,Alcoholic,Old-fashioned glass,Gin,Water,Powdered sugar,Lemon peel,,,,,,,,,2 oz ,2 tsp ,1/2 tsp ,1 twist of , , , , , ,,,
Girl From Ipanema,Alcoholic,Wine Glass,Cachaca,Lemon Juice,Agave Syrup,Champagne,,,,,,,,,25 ml,15 ml,10 ml,top up with,,,,,,,,
Gluehwein,Optional alcohol,Irish coffee cup,Red wine,Water,Sugar,Cinnamon,Cloves,Lemon peel,,,,,,,1 L ,125 ml ,60 gr ,1,3,1 tblsp , , , , , ,
Godchild,Alcoholic,Champagne flute,Vodka,Amaretto,Heavy cream,,,,,,,,,,1 oz ,1 oz ,1 oz , , , , , ,,,,
Godfather,Alcoholic,Old-fashioned glass,Scotch,Amaretto,,,,,,,,,,,1 1/2 oz ,3/4 oz , , , , , ,,,,,
Godmother,Alcoholic,Old-fashioned glass,Vodka,Amaretto,,,,,,,,,,,1 1/2 oz ,3/4 oz , , , , , ,,,,,
Golden dream,Alcoholic,Cocktail glass,Galliano,Triple Sec,orange juice,Cream,,,,,,,,,2 parts,2 parts,2 parts,1 part, , , , , ,,,
Grand Blue,Alcoholic,Old-fashioned glass,Malibu rum,Peach schnapps,Blue Curacao,Sweet and sour,,,,,,,,,1 1/2 cl ,1 1/2 cl ,1 1/2 cl ,3 cl , , , , , ,,,
Grape lemon pineapple Smoothie,Non alcoholic,Highball glass,Grapes,Lemon,Pineapple,,,,,,,,,,1 cup ,44200,44198, , , , , ,,,,
Grass Skirt,Alcoholic,Old-fashioned glass,Gin,Triple sec,Pineapple juice,Grenadine,Pineapple,,,,,,,,1 1/2 oz ,1 oz ,1 oz ,1/2 tsp ,1, , , , , ,,
Grasshopper,Alcoholic,Cocktail glass,Green Creme de Menthe,Creme de Cacao,Light cream,,,,,,,,,,3/4 oz ,3/4 oz white ,3/4 oz , , , , , ,,,,
Green Goblin,Alcoholic,Pint glass,Cider,Lager,Blue Curacao,,,,,,,,,,1/2 pint hard ,1/2 pint ,1 shot , , , , , ,,,,
Grim Reaper,Alcoholic,Old-fashioned glass,Kahlua,151 proof rum,Grenadine,,,,,,,,,,1 oz ,1 oz Bacardi ,1 dash , , , , , ,,,,
Grizzly Bear,Alcoholic,Collins Glass,Amaretto,Jägermeister,Kahlua,Milk,,,,,,,,,1 part ,1 part ,1 part ,2 1/2 parts , , , , , ,,,
H.D.,Alcoholic,Beer mug,Whisky,Bailey's irish cream,Coffee,,,,,,,,,,4 cl ,8 cl ,"
","
","
","
","
","
",,,,
Happy Skipper,Alcoholic,Highball glass,Spiced rum,Ginger ale,Lime,Ice,,,,,,,,,1 1/2 cl ,"
","
","
","
","
","
","
",,,,
Harvey Wallbanger,Alcoholic,Collins glass,Vodka,Galliano,Orange juice,,,,,,,,,,1 oz ,1/2 oz ,4 oz , , , , , ,,,,
Havana Cocktail,Alcoholic,Cocktail glass,Light rum,Pineapple juice,Lemon juice,,,,,,,,,,1 oz ,1 oz ,1 tsp , , , , , ,,,,
Hawaiian Cocktail,Alcoholic,Cocktail glass,Gin,Triple sec,Pineapple juice,,,,,,,,,,2 oz ,1/2 oz ,1 tblsp , , , , , ,,,,
Hemingway Special,Alcoholic,Cocktail glass,Rum,Grapefruit Juice,Maraschino Liqueur,Lime Juice,,,,,,,,,12 parts,8 parts,3 parts,3 parts, , , , , ,,,
Herbal flame,Alcoholic,Mason jar,Hot Damn,Tea,,,,,,,,,,,5 shots ,very sweet , , , , , ,,,,,
Highland Fling Cocktail,Alcoholic,Cocktail glass,Scotch,Sweet Vermouth,Orange bitters,Olive,,,,,,,,,1 1/2 oz ,3/4 oz ,2 dashes ,1, , , , , ,,,
Holloween Punch,Non alcoholic,Punch bowl,Grape juice,Carbonated soft drink,Sherbet,Sherbet,,,,,,,,,"
",", orange
", , , , , ,,,,,
Homemade Kahlua,Alcoholic,Collins Glass,Sugar,Corn syrup,Coffee,Vanilla extract,Water,Vodka,,,,,,,2 1/2 cups ,1 cup ,1 1/2 oz instant ,2 oz ,3 cups boiling ,1 fifth , , , , , ,
Horse's Neck,Alcoholic,Highball glass,Lemon peel,Brandy,Ginger ale,Bitters,,,,,,,,,1 long strip ,2 oz ,5 oz ,2 dashes , , , , , ,,,
Hot Chocolate to Die for,Non alcoholic,Coffee mug,Chocolate,Butter,Vanilla extract,Half-and-half,Marshmallows,,,,,,,,12 oz fine ,1 tsp ,1/2 tsp ,1 cup ,mini , , , , , ,,
Hot Creamy Bush,Alcoholic,Irish coffee cup,Irish whiskey,Bailey's irish cream,Coffee,,,,,,,,,,1 shot ,3/4 shot ,6 oz hot , , , , , ,,,,
Ice Pick #1,Alcoholic,Collins Glass,Vodka,Iced tea,Lemon juice,,,,,,,,,,1 1/2 oz ,6 oz ," to taste
","
","
","
","
","
",,,,
Iced Coffee,Non alcoholic,Coffee mug,Coffee,Sugar,Water,Milk,,,,,,,,,1/4 cup instant ,1/4 cup ,1/4 cup hot ,4 cups cold , , , , , ,,,
Iced Coffee Fillip,Alcoholic,Coffee mug,Kahlua,Coffee,,,,,,,,,,,2 tsp ,Strong cold , , , , , ,,,,,
Imperial Cocktail,Alcoholic,Cocktail glass,Lime juice,Gin,Aperol,,,,,,,,,,4 cl ,2 cl ,4 cl , , , , , ,,,,
Imperial Fizz,Alcoholic,Highball glass,Light rum,Blended whiskey,Lemon,Powdered sugar,Carbonated water,,,,,,,,1/2 oz ,1 1/2 oz ,Juice of 1/2 ,1 tsp ,"
","
","
","
","
","
",,
Ipamena,Non Alcoholic,Wine Glass,Lime,Brown sugar,Passion fruit juice,Ginger ale,Ice,,,,,,,,½,2 tsp,4 cl,top up with,fill,,,,,,,
Irish Coffee,Alcoholic,Irish coffee cup,Irish whiskey,Coffee,Sugar,Whipped cream,,,,,,,,,1 1/2 oz ,8 oz ,1 tsp ,1 tblsp , , , , , ,,,
Irish Cream,Alcoholic,Irish coffee cup,Scotch,Half-and-half,Condensed milk,Coconut syrup,Chocolate syrup,,,,,,,,1 cup ,1 1/4 cup ,1 can sweetened ,3 drops ,1 tblsp , , , , , ,,
Irish Curdling Cow,Alcoholic,Highball glass,Bailey's irish cream,Bourbon,Vodka,Orange juice,,,,,,,,,3/4 oz ,3/4 oz ,3/4 oz ,2-3 oz , , , , , ,,,
Irish Russian,Alcoholic,Highball glass,Vodka,Kahlua,Coca-Cola,Guinness stout,,,,,,,,,1 shot ,1 shot ,1 dash ,Fill with , , , , , ,,,
Irish Spring,Alcoholic,Collins glass,Irish whiskey,Peach brandy,Orange juice,Sweet and sour,Orange,Cherry,,,,,,,1 oz ,1/2 oz ,1 oz ,1 oz ,1 slice ,1, , , , , ,
Jack Rose Cocktail,Alcoholic,Cocktail glass,Apple brandy,Grenadine,Lime,,,,,,,,,,1 1/2 oz ,1 tsp ,Juice of 1/2 , , , , , ,,,,
Jack's Vanilla Coke,Alcoholic,Old-fashioned glass,Ice,Tennessee whiskey,Vanilla extract,Coca-Cola,,,,,,,,,44291,2 oz ,1 tsp ,10-12 oz , , , , , ,,,
Jackhammer,Alcoholic,Collins Glass,Jack Daniels,Amaretto,,,,,,,,,,,1 oz ,1 oz , , , , , ,,,,,
Jam Donut,Alcoholic,Shot glass,Baileys irish cream,Chambord raspberry liqueur,Sugar syrup,Sugar,,,,,,,,,2/3 oz,1/3 oz,1 tsp,2 pinches,,,,,,,,
Jamaica Kiss,Alcoholic,Hurricane glass,Coffee liqueur,Light rum,Ice,Milk,,,,,,,,,1 shot ,1 shot Jamaican ," cubes
","
","
","
","
","
","
",,,
Jamaican Coffee,Alcoholic,Champagne flute,Rum,Coffee,Water,Whipped cream,,,,,,,,,1/6 glass ,1/6 glass strong black ,1/2 glass cold ,"
","
","
","
","
","
",,,
Japanese Fizz,Alcoholic,Highball glass,Blended whiskey,Lemon,Powdered sugar,Port,Egg white,Carbonated water,,,,,,,1 1/2 oz ,Juice of 1/2 ,1 tsp ,1 tblsp ,1,"
","
","
","
","
","
",
Jello shots,Alcoholic,Shot glass,Vodka,Jello,Water,,,,,,,,,,2 cups ,3 packages ,3 cups , , , , , ,,,,
Jelly Bean,Alcoholic,Cordial glass,Blackberry brandy,Anis,,,,,,,,,,,1 oz ,1 oz , , , , , ,,,,,
Jewel Of The Nile,Alcoholic,Cocktail glass,Gin,Green Chartreuse,Yellow Chartreuse,,,,,,,,,,1 1/2 oz ,1/2 oz ,1/2 oz , , , , , ,,,,
Jitterbug,Alcoholic,Cocktail Glass,Gin,Vodka,Grenadine,Lime juice,Sugar,Sugar syrup,Soda water,,,,,,2 jiggers ,1 jigger ,3 dashes ,1 shot ,Around rim put 1 pinch ,3 dashes ,Fill to top with , , , , , 
John Collins,Alcoholic,Collins glass,Bourbon,Lemon juice,Sugar,Club soda,Maraschino cherry,Orange,,,,,,,2 oz ,1 oz ,1 tsp superfine ,3 oz ,1,1, , , , , ,
Just a Moonmint,Non alcoholic,Highball Glass,Milk,Chocolate syrup,Mint syrup,,,,,,,,,,2 cups ,"
","
","
","
","
","
","
",,,,
Kamikaze,Alcoholic,Cocktail glass,Vodka,Triple sec,Lime juice,,,,,,,,,,1 oz ,1 oz ,1 oz , , , , , ,,,,
Karsk,Alcoholic,Highball glass,Coffee,Grain alcohol,,,,,,,,,,,1 part ,2 parts , , , , , ,,,,,
Kentucky B And B,Alcoholic,Brandy snifter,Bourbon,Benedictine,,,,,,,,,,,2 oz ,1/2 oz , , , , , ,,,,,
Kentucky Colonel,Alcoholic,Cocktail glass,Bourbon,Benedictine,Lemon peel,,,,,,,,,,3 oz ,1/2 oz ,1 twist of , , , , , ,,,,
Kill the cold Smoothie,Non alcoholic,Highball glass,Ginger,Lemon,Water,,,,,,,,,,1 inch ,44200,1 cup hot , , , , , ,,,,
Kioki Coffee,Alcoholic,Coffee mug,Kahlua,Brandy,Coffee,,,,,,,,,,1 oz ,1/2 oz ,"
","
","
","
","
","
",,,,
Kir,Alcoholic,Wine Glass,Creme de Cassis,Champagne,,,,,,,,,,,1 part ,5 parts , , , , , ,,,,,
Kir Royale,Alcoholic,Champagne Flute,Creme de Cassis,Champagne,,,,,,,,,,,1 part ,5 parts , , , , , ,,,,,
Kiss me Quick,Alcoholic,Highball glass,Cranberry vodka,Apfelkorn,Schweppes Russchian,Apple juice,Ice,,,,,,,,4 cl ,2 cl ,7 cl ,8 cl ," cubes
","
","
","
","
","
",,
Kiwi Lemon,Alcoholic,Highball glass,Kiwi liqueur,Bitter lemon,Ice,,,,,,,,,,1 part ,2 parts ," cubes
","
","
","
","
","
",,,,
Kiwi Papaya Smoothie,Non alcoholic,Highball Glass,Kiwi,Papaya,,,,,,,,,,,3,44198, , , , , ,,,,,
Kool First Aid,Alcoholic,Shot glass,151 proof rum,Kool-Aid,,,,,,,,,,,2 oz light ,1/2 tsp Tropical , , , , , ,,,,,
Kool-Aid Shot,Alcoholic,Old-fashioned glass,Vodka,Amaretto,Sloe gin,Triple sec,Cranberry juice,,,,,,,,1 shot ,1 shot ,1 shot ,1 shot ,"
","
","
","
","
","
",,
Kool-Aid Slammer,Alcoholic,Shot glass,Kool-Aid,Vodka,,,,,,,,,,,1/2 oz Grape ,1/2 oz , , , , , ,,,,,
Kurant Tea,Alcoholic,Champagne flute,Absolut Kurant,Tea,Sugar,,,,,,,,,,4 cl ,Turkish apple ," (if needed)
","
","
","
","
","
",,,,
Lady Love Fizz,Alcoholic,Cocktail glass,Gin,Light cream,Powdered sugar,Lemon,Egg white,Carbonated water,,,,,,,2 oz ,2 tsp ,1 tsp ,Juice of 1/2 ,1,"
","
","
","
","
","
",
Lassi - A South Indian Drink,Non alcoholic,Highball Glass,Yoghurt,Water,Cumin seed,Salt,Mint,,,,,,,,1/2 cup plain ,1 1/4 cup cold ,1/2 tsp ground roasted ,1/4 tsp ,1/4 tsp dried , , , , , ,,
Lassi - Mango,Non alcoholic,Highball glass,Mango,Yoghurt,Sugar,Water,,,,,,,,,2,2 cups ,1/2 cup ,1 cup iced , , , , , ,,,
Lassi - Sweet,Non alcoholic,Highball glass,Yoghurt,Water,Sugar,Salt,Lemon juice,,,,,,,,1 cup ,2 cups cold ,4 tblsp ,pinch ,2 tblsp , , , , , ,,
Lassi Khara,Non alcoholic,Highball Glass,Yoghurt,Water,Salt,Asafoetida,,,,,,,,,1 cup ,2 cups cold ,1 tsp ,1 pinch , , , , , ,,,
Lassi Raita,Non alcoholic,Highball Glass,Yoghurt,Ice,Sugar,Lime,Salt,,,,,,,,2 cups ,44292,"
","
","
","
","
","
","
",,,
Lemon Drop,Alcoholic,Cocktail glass,Absolut Vodka,Cointreau,Lemon,,,,,,,,,,1 1/2 shot ,1 1/2 shot ,Juice of 1 wedge , , , , , ,,,,
Lemon Shot,Alcoholic,Shot glass,Galliano,Absolut Citron,Lemon,Sugar,151 proof rum,,,,,,,,1/2 oz ,1/2 oz ," wedge
",Bacardi , , , , , ,,,
Lemouroudji,Non alcoholic,Highball Glass,Ginger,Water,Lemon,Sugar,Cayenne pepper,,,,,,,,2 pieces ,1 gal ,1 lb ,1 cup ,ground , , , , , ,,
Limeade,Non alcoholic,Highball glass,Lime,Sugar,Soda water,Lime peel,,,,,,,,,Juice of 1 ,1 tblsp ," (seltzer water)
", , , , , ,,,,
Limona Corona,Alcoholic,Beer Glass,Corona,Bacardi Limon,,,,,,,,,,,1 bottle ,1 oz , , , , , ,,,,,
Loch Lomond,Alcoholic,Cocktail glass,Scotch,Drambuie,Dry Vermouth,Lemon peel,,,,,,,,,2 oz ,1/2 oz ,1/2 oz ,1 twist of , , , , , ,,,
London Town,Alcoholic,Cocktail glass,Gin,Maraschino liqueur,Orange bitters,,,,,,,,,,1 1/2 oz ,1/2 oz ,2 dashes , , , , , ,,,,
Lone Tree Cocktail,Alcoholic,Cocktail glass,Sweet Vermouth,Gin,,,,,,,,,,,3/4 oz ,1 1/2 oz , , , , , ,,,,,
Lone Tree Cooler,Alcoholic,Collins glass,Carbonated water,Gin,Dry Vermouth,Powdered sugar,Orange spiral,Lemon peel,,,,,,,"
","
","
","
","
","
","
","
","
","
","
",
Long Island Iced Tea,Alcoholic,Highball glass,Vodka,Tequila,Light rum,Gin,Coca-Cola,Lemon peel,,,,,,,1/2 oz ,1/2 oz ,1/2 oz ,1/2 oz ,1 dash ,Twist of , , , , , ,
Long Island Tea,Alcoholic,Highball glass,Vodka,Light rum,Gin,Tequila,Lemon,Coca-Cola,,,,,,,1/2 oz ,1/2 oz ,1/2 oz ,1/2 oz ,Juice of 1/2 ,1 splash , , , , , ,
Long vodka,Alcoholic,Highball glass,Vodka,Lime,Angostura bitters,Tonic water,Ice,,,,,,,,5 cl ,44198,4 dashes ,1 dl Schweppes ,4, , , , , ,,
Lord And Lady,Alcoholic,Old-fashioned glass,Dark rum,Tia maria,,,,,,,,,,,1 1/2 oz ,1/2 oz , , , , , ,,,,,
Lunch Box,Alcoholic,Pint glass,Beer,Amaretto,Orange juice,,,,,,,,,,3/4 bottle ,1 shot ,1 oz , , , , , ,,,,
Mai Tai,Alcoholic,Collins glass,Light rum,Orgeat syrup,Triple sec,Sweet and sour,Cherry,,,,,,,,1 oz ,1/2 oz ,1/2 oz ,1 1/2 oz ,1, , , , , ,,
Malibu Twister,Alcoholic,Highball glass,Malibu rum,Tropicana,Cranberry juice,,,,,,,,,,2 parts ,2 parts ,1 part , , , , , ,,,,
Mango Orange Smoothie,Non alcoholic,Highball Glass,Mango,Orange,,,,,,,,,,,1,2, , , , , ,,,,,
Manhattan,Alcoholic,Cocktail glass,Sweet Vermouth,Bourbon,Angostura bitters,Ice,Maraschino cherry,Orange peel,,,,,,,3/4 oz ,2 1/2 oz Blended ,dash ,2 or 3 ,1,1 twist of , , , , , ,
Margarita,Alcoholic,Cocktail glass,Tequila,Triple sec,Lime juice,Salt,,,,,,,,,1 1/2 oz ,1/2 oz ,1 oz ,,,,,,,,,
Martinez Cocktail,Alcoholic,Cocktail glass,Gin,Dry Vermouth,Triple sec,Orange bitters,Cherry,,,,,,,,1 oz ,1 oz ,1/4 tsp ,1 dash ,1, , , , , ,,
Martini,Alcoholic,Cocktail glass,Gin,Dry Vermouth,Olive,,,,,,,,,,1 2/3 oz ,1/3 oz ,1, , , , , ,,,,
Mary Pickford,Alcoholic,Cocktail glass,Light rum,Pineapple juice,Maraschino liqueur,Grenadine,Maraschino cherry,,,,,,,,1 1/2 oz ,1 oz ,1/2 tsp ,1/2 tsp ,1, , , , , ,,
Masala Chai,Non alcoholic,Coffee Mug,Water,Tea,Ginger,Cardamom,Cloves,Cinnamon,Black pepper,Sugar,Milk,,,,2 cups ,3-4 tsp ,1 chunk dried ,3-4 crushed ,3,1 piece ,1-2 whole ," to taste
", , , , 
Melya,Non alcoholic,Coffee mug,Espresso,Honey,Cocoa powder,,,,,,,,,,"
",Unsweetened , , , , , ,,,,,
Miami Vice,Alcoholic,Cocktail glass,151 proof rum,Pina colada mix,Daiquiri mix,,,,,,,,,,5 oz Bacardi ,frozen ,frozen , , , , , ,,,,
Microwave Hot Cocoa,Non alcoholic,Coffee mug,Sugar,Cocoa powder,Salt,Water,Milk,Vanilla extract,,,,,,,5 tblsp ,3 tblsp ,1 dash ,3 tblsp hot ,2 cups ,1/4 tsp , , , , , ,
Midnight Cowboy,Alcoholic,Cocktail glass,Bourbon,Dark rum,Heavy cream,,,,,,,,,,2 oz ,1 oz ,1/2 oz , , , , , ,,,,
Midnight Manx,Alcoholic,Old-fashioned glass,Kahlua,Bailey's irish cream,Goldschlager,Heavy cream,Coffee,,,,,,,,1 oz ,1 oz ,dash ,2 oz ,2 oz Hazlenut , , , , , ,,
Midnight Mint,Alcoholic,Cocktail glass,Bailey's irish cream,White Creme de Menthe,Cream,,,,,,,,,,1 oz ,3/4 oz ,3/4 oz double , , , , , ,,,,
Mimosa,Alcoholic,Champagne flute,Champagne,Orange juice,,,,,,,,,,,Chilled ,2 oz , , , , , ,,,,,
Mississippi Planters Punch,Alcoholic,Collins glass,Brandy,Light rum,Bourbon,Lemon,Powdered sugar,Carbonated water,,,,,,,1 oz ,1/2 oz ,1/2 oz ,Juice of 1/2 ,1 tblsp ,"
","
","
","
","
","
",
Mocha-Berry,Alcoholic,Irish coffee cup,Coffee,Chambord raspberry liqueur,Cocoa powder,Whipped cream,,,,,,,,,6 oz ,2 oz ,2 tblsp ,"
","
","
","
","
","
",,,
Mojito,Alcoholic,Highball glass,Light rum,Lime,Sugar,Mint,Soda water,,,,,,,,2-3 oz ,Juice of 1 ,2 tsp ,44231,,,,,,,,
Mojito #3,Alcoholic,Collins glass,Mint,Lemon juice,Dark rum,Club soda,Angostura bitters,,,,,,,,1/2 handful ,3 cl ,1/8 L Jamaican ,1/8 L ,8 drops , , , , , ,,
Monkey Gland,Alcoholic,Cocktail glass,Gin,Benedictine,Orange juice,Grenadine,,,,,,,,,2 oz ,1 tsp ,1/2 oz ,1 tsp , , , , , ,,,
Monkey Wrench,Alcoholic,Old-fashioned glass,Light rum,Grapefruit juice,Bitters,,,,,,,,,,1 1/2 oz ,3 oz ,1 dash , , , , , ,,,,
Moranguito,Alcoholic,Shot glass,Absinthe,Tequila,Grenadine,,,,,,,,,,44232,44232,44201, , , , , ,,,,
Moscow Mule,Alcoholic,Copper Mug,Vodka,Lime juice,Ginger ale,,,,,,,,,,2 oz ,2 oz ,8 oz , , , , , ,,,,
Mother's Milk,Alcoholic,Shot glass,Goldschlager,Butterscotch schnapps,Milk,,,,,,,,,,1 oz ,1 oz ,1 oz , , , , , ,,,,
Mudslinger,Alcoholic,Punch bowl,Southern Comfort,Orange juice,Pepsi Cola,,,,,,,,,,750 ml ,1 L ,750 ml , , , , , ,,,,
Mulled Wine,Alcoholic,Collins Glass,Water,Sugar,Cloves,Cinnamon,Lemon peel,Red wine,Brandy,,,,,,3 cups ,1 cup ,12,2,1,750 ml ,1/4 cup , , , , , 
National Aquarium,Alcoholic,Collins Glass,Rum,Vodka,Gin,Blue Curacao,Sour mix,Lemon-lime soda,,,,,,,1/2 oz ,1/2 oz ,1/2 oz ,1/2 oz ,2 oz ,1 splash , , , , , ,
Negroni,Alcoholic,Old-fashioned glass,Gin,Campari,Sweet Vermouth,,,,,,,,,,1 oz ,1 oz ,1 oz , , , , , ,,,,
New York Lemonade,Alcoholic,Cocktail glass,Absolut Citron,Grand Marnier,Lemon juice,Club soda,,,,,,,,,2 oz ,1 oz ,2 oz sweetened ,1 oz , , , , , ,,,
New York Sour,Alcoholic,Whiskey sour glass,Blended whiskey,Lemon,Sugar,Red wine,Lemon,Cherry,,,,,,,2 oz ,Juice of 1/2 ,1 tsp ," (Claret)
","
","
","
","
","
","
","
",
Nuked Hot Chocolate,Non alcoholic,Coffee mug,Cocoa powder,Sugar,Vanilla extract,Milk,,,,,,,,,2 tsp ,1 tsp ,1/2 tsp ,12 oz , , , , , ,,,
Nutty Irishman,Alcoholic,Highball Glass,Bailey's irish cream,Frangelico,Milk,,,,,,,,,,1 part ,1 part ,1 part , , , , , ,,,,
Old Fashioned,Alcoholic,Old-fashioned glass,Bourbon,Angostura bitters,Sugar,Water,,,,,,,,,4.5 cL,2 dashes,1 cube,dash,,,,,,,,
Orange Crush,Alcoholic,Shot glass,Vodka,Triple sec,Orange juice,,,,,,,,,,1 oz ,1 oz ,1 oz , , , , , ,,,,
Orange Oasis,Alcoholic,Highball glass,Cherry brandy,Gin,Orange juice,Ginger ale,,,,,,,,,1/2 oz ,1 1/2 oz ,4 oz ,"
","
","
","
","
","
",,,
Orange Push-up,Alcoholic,Hurricane glass,Spiced rum,Grenadine,Orange juice,Sour mix,,,,,,,,,1.5 oz ,0.5 oz ,4 oz ,1 splash , , , , , ,,,
Orange Scented Hot Chocolate,Non alcoholic,Coffee mug,Milk,Chocolate,Orange peel,Espresso,Nutmeg,,,,,,,,2 cups ,4 oz chopped bittersweet or semi-sweet ,3 2-inch strips ,1/2 tsp instant ,1/8 tsp ground , , , , , ,,
Orange Whip,Alcoholic,Collins Glass,Orange juice,Rum,Vodka,Cream,Ice,,,,,,,,4 oz ,1 oz ,1 oz ,1 package ,Over , , , , , ,,
Orangeade,Non alcoholic,Highball glass,Lemon juice,Orange juice,Sugar syrup,Soda water,,,,,,,,,5 cl ,15 cl ,2-3 cl ,"
","
","
","
","
","
",,,
Oreo Mudslide,Alcoholic,Collins Glass,Vodka,Kahlua,Bailey's irish cream,Vanilla ice-cream,Oreo cookie,,,,,,,,1 oz ,1 oz ,1 oz ,2 scoops ,1, , , , , ,,
Orgasm,Alcoholic,Cocktail glass,Creme de Cacao,Amaretto,Triple sec,Vodka,Light cream,,,,,,,,1/2 oz white ,1/2 oz ,1/2 oz ,1/2 oz ,1 oz , , , , , ,,
Owen's Grandmother's Revenge,Alcoholic,Highball glass,Whiskey,Beer,Lemonade,Ice,,,,,,,,,12 oz ,12 oz ,12 oz frozen ,1 cup crushed , , , , , ,,,
Paradise,Alcoholic,Cocktail glass,Gin,Apricot Brandy,Orange Juice,,,,,,,,,,7 parts,4 parts,3 parts , , , , ,,,,,
Pina Colada,Alcoholic,Collins glass,Light rum,Coconut milk,Pineapple,,,,,,,,,,3 oz ,3 tblsp ,3 tblsp , , , , , ,,,,
Pineapple Gingerale Smoothie,Non alcoholic,Highball Glass,Ginger,Pineapple,,,,,,,,,,,1/4 inch ,44198, , , , , ,,,,,
Pink Gin,Alcoholic,White wine glass,Bitters,Gin,,,,,,,,,,,3 dashes ,2 oz , , , , , ,,,,,
Pink Lady,Alcoholic,Cocktail glass,Gin,Grenadine,Light cream,Egg white,,,,,,,,,1 1/2 oz ,1 tsp ,1 tsp ,1, , , , , ,,,
Pink Panty Pulldowns,Alcoholic,Collins Glass,Sprite,Pink lemonade,Vodka,,,,,,,,,,1 L ,2 cups ,2 cups , , , , , ,,,,
Pink Penocha,Alcoholic,Punch bowl,Everclear,Vodka,Peach schnapps,Orange juice,Cranberry juice,,,,,,,,750 ml ,1750 ml ,1750 ml ,1 gal ,1 gal , , , , , ,,
Pisco Sour,Alcoholic,Cocktail glass,Pisco,Lemon juice,Sugar,Ice,,,,,,,,,2 oz ,1 oz ,1-2 tblsp ,,,,,,,,,
Planter's Punch,Alcoholic,Collins glass,Dark rum,Orgeat syrup,Orange juice,Pineapple juice,,,,,,,,,1 part ,1/2 part ,2 parts ,1 part , , , , , ,,,
Popped cherry,Alcoholic,Highball glass,Vodka,Cherry liqueur,Cranberry juice,Orange juice,,,,,,,,,2 oz ,2 oz ,4 oz ,4 oz , , , , , ,,,
Poppy Cocktail,Alcoholic,Cocktail glass,Gin,Creme de Cacao,,,,,,,,,,,1 1/2 oz ,3/4 oz white , , , , , ,,,,,
Port And Starboard,Alcoholic,Pousse cafe glass,Grenadine,Green Creme de Menthe,,,,,,,,,,,1 tblsp ,1/2 oz , , , , , ,,,,,
Port Wine Cocktail,Alcoholic,Cocktail glass,Port,Brandy,,,,,,,,,,,2 1/2 oz ,1/2 tsp , , , , , ,,,,,
Port Wine Flip,Alcoholic,Whiskey sour glass,Port,Light cream,Powdered sugar,Egg,Nutmeg,,,,,,,,1 1/2 oz ,2 tsp ,1 tsp ,1 whole ,"
","
","
","
","
","
",,
Porto flip,Alcoholic,Cocktail glass,Brandy,Port,Egg Yolk,,,,,,,,,,3 parts,9 parts,2 parts, , , , , ,,,,
Pysch Vitamin Light,Non alcoholic,Collins Glass,Orange juice,Apple juice,Pineapple juice,Ice,,,,,,,,,1 part ,1 part ,1 part ,"
","
","
","
","
","
",,,
Quaker's Cocktail,Alcoholic,Cocktail glass,Light rum,Brandy,Lemon,Raspberry syrup,,,,,,,,,3/4 oz ,3/4 oz ,Juice of 1/4 ,2 tsp , , , , , ,,,
Quarter Deck Cocktail,Alcoholic,Cocktail glass,Light rum,Sherry,Lime,,,,,,,,,,1.5,1/3 oz cream ,Juice of 1/2 , , , , , ,,,,
Queen Bee,Alcoholic,Cocktail glass,Coffee brandy,Lime vodka,Sherry,,,,,,,,,,1 oz ,1 1/2 oz ,1/2 oz cream , , , , , ,,,,
Queen Charlotte,Alcoholic,Collins glass,Red wine,Grenadine,Lemon-lime soda,,,,,,,,,,2 oz ,1 oz ,"
","
","
","
","
","
",,,,
Queen Elizabeth,Alcoholic,Cocktail glass,Dry Vermouth,Gin,Benedictine,,,,,,,,,,1/2 oz ,1 1/2 oz ,1 1/2 tsp , , , , , ,,,,
Quentin,Alcoholic,Cocktail glass,Dark rum,Kahlua,Light cream,Nutmeg,,,,,,,,,1 1/2 oz ,1/2 oz ,1 oz ,1/8 tsp grated , , , , , ,,,
Quick F**K,Alcoholic,Shot glass,Kahlua,Midori melon liqueur,Bailey's irish cream,,,,,,,,,,1 part ,1 part ,1 part , , , , , ,,,,
Quick-sand,Alcoholic,Highball glass,Black Sambuca,Orange juice,,,,,,,,,,,25 ml ,Add 250 ml , , , , , ,,,,,
Radioactive Long Island Iced Tea,Alcoholic,Collins Glass,Rum,Vodka,Tequila,Gin,Triple sec,Chambord raspberry liqueur,Midori melon liqueur,Malibu rum,,,,,1 oz ,1 oz ,1 oz ,1 oz ,1 oz ,1 oz ,1 oz ,1 oz , , , , 
Radler,Alcoholic,Highball glass,Beer,7-Up,,,,,,,,,,,12 oz ,12 oz , , , , , ,,,,,
Rail Splitter,Non alcoholic,Highball glass,Sugar syrup,Lemon juice,Ginger ale,,,,,,,,,,2 tsp ,"
", , , , , ,,,,,
Raspberry Cooler,Alcoholic,Highball glass,Raspberry vodka,Lemon-lime soda,Ice,,,,,,,,,,2 oz ,4 oz ,"
","
","
","
","
","
",,,,
Red Snapper,Alcoholic,Old-fashioned glass,Crown Royal,Amaretto,Cranberry juice,,,,,,,,,,1 shot ,1 shot ,1 shot , , , , , ,,,,
Rose,Alcoholic,Cocktail glass,Dry Vermouth,Gin,Apricot brandy,Lemon juice,Grenadine,Powdered sugar,,,,,,,1/2 oz ,1 oz ,1/2 oz ,1/2 tsp ,1 tsp ,,,,,,,
Royal Bitch,Alcoholic,Shot glass,Frangelico,Crown Royal,,,,,,,,,,,1 part ,1 part , , , , , ,,,,,
Royal Fizz,Alcoholic,Collins glass,Gin,Sweet and sour,Egg,Coca-Cola,,,,,,,,,1 oz ,2 oz ,1 whole ,"
","
","
","
","
","
",,,
Royal Flush,Alcoholic,Old-fashioned glass,Crown Royal,Peach schnapps,Chambord raspberry liqueur,Cranberry juice,,,,,,,,,1 1/2 oz ,1 oz ,1/2 oz ,1 oz , , , , , ,,,
Royal Gin Fizz,Alcoholic,Highball glass,Gin,Lemon,Powdered sugar,Egg,Carbonated water,,,,,,,,2 oz ,Juice of 1/2 ,1 tsp ,1 whole ,"
","
","
","
","
","
",,
Ruby Tuesday,Alcoholic,Highball glass,Gin,Cranberry juice,Grenadine,,,,,,,,,,2 oz ,5 oz ,2 splashes , , , , , ,,,,
Rum Cobbler,Alcoholic,Old-fashioned glass,Sugar,Club soda,Lemon,Dark rum,Maraschino cherry,Orange,,,,,,,1 tsp superfine ,3 oz ,1,2 oz ,1,1, , , , , ,
Rum Cooler,Alcoholic,Collins glass,Rum,Lemon-lime soda,Lemon,,,,,,,,,,2 oz light or dark ,4 oz ,1, , , , , ,,,,
Rum Milk Punch,Alcoholic,Collins glass,Light rum,Milk,Powdered sugar,Nutmeg,,,,,,,,,2 oz ,1 cup ,1 tsp ,"
","
","
","
","
","
",,,
Rum Old-fashioned,Alcoholic,Old-fashioned glass,Light rum,151 proof rum,Powdered sugar,Bitters,Water,Lime peel,,,,,,,1 1/2 oz ,1 tsp ,1/2 tsp ,1 dash ,1 tsp ,Twist of , , , , , ,
Rum Punch,Alcoholic,Punch bowl,Rum,Ginger ale,Fruit punch,Orange juice,Ice,,,,,,,,mikey bottle ,large bottle ,355 ml frozen ,355 ml frozen ,crushed , , , , , ,,
Rum Runner,Alcoholic,Cocktail glass,Malibu rum,Blackberry brandy,Orange juice,Pineapple juice,Cranberry juice,,,,,,,,1 1/2 oz ,1 oz ,3-4 oz ,3-4 oz ,3-4 oz , , , , , ,,
Rum Screwdriver,Alcoholic,Highball glass,Light rum,Orange juice,,,,,,,,,,,1 1/2 oz ,5 oz , , , , , ,,,,,
Rum Sour,Alcoholic,Whiskey sour glass,Light rum,Lemon juice,Sugar,Orange,Maraschino cherry,,,,,,,,2 oz ,1 oz ,1/2 tsp superfine ,1,1, , , , , ,,
Rum Toddy,Alcoholic,Old-fashioned glass,Rum,Powdered sugar,Lemon peel,Water,,,,,,,,,2 oz light or dark ,2 tsp ,1 twist of ,2 tsp , , , , , ,,,
Russian Spring Punch,Alcoholic,Highball glass,Vodka,Creme de Cassis,Sugar Syrup,Lemon Juice,,,,,,,,,2.5 cl,1.5 cl,1 cl,2.5 cl,, , ,,,,,
Rusty Nail,Alcoholic,Old-fashioned glass,Scotch,Drambuie,Lemon peel,,,,,,,,,,1 1/2 oz ,1/2 oz ,1 twist of , , , , , ,,,,
Salty Dog,Alcoholic,Highball glass,Grapefruit juice,Gin,Salt,,,,,,,,,,5 oz ,1 1/2 oz ,1/4 tsp , , , , , ,,,,
San Francisco,Alcoholic,Highball glass,Vodka,Creme de Banane,Grenadine,Orange juice,,,,,,,,,2 cl ,2 cl ,"
", , , , , ,,,,
Sangria #1,Alcoholic,Pitcher,Red wine,Sugar,Orange juice,Lemon juice,Cloves,Cinnamon,,,,,,,1 bottle ,1/2 cup ,1 cup ,1 cup ,"
", , , , , ,,
Sangria - The World's Best,Alcoholic,Pitcher,Red wine,Sugar,Lemon,Orange,Apple,Brandy,Soda water,,,,,,1 1/2 L ,1 cup ,1 large ,1 large ,1 large ,3-4 oz plain ,"
","
","
","
","
","
"
Sazerac,Alcoholic,Old-fashioned glass,Ricard,Sugar,Peychaud bitters,Water,Bourbon,Lemon peel,,,,,,,1 tsp ,1/2 tsp superfine ,2 dashes ,1 tsp ,2 oz ,1 twist of , , , , , ,
Scooter,Alcoholic,Cocktail glass,Brandy,Amaretto,Light cream,,,,,,,,,,1 oz ,1 oz ,1 oz , , , , , ,,,,
Scotch Cobbler,Alcoholic,Old-fashioned glass,Scotch,Brandy,Curacao,Orange,Mint,,,,,,,,2 oz ,4 dashes ,4 dashes ,1 slice ,1, , , , , ,,
Scotch Sour,Alcoholic,Whiskey sour glass,Scotch,Lime,Powdered sugar,Lemon,Cherry,,,,,,,,1 1/2 oz ,Juice of 1/2 ,1/2 tsp ,1/2 slice ,1, , , , , ,,
Scottish Highland Liqueur,Alcoholic,Collins Glass,Johnnie Walker,Honey,Angelica root,Fennel seeds,Lemon peel,,,,,,,,1 fifth ,1 1/2 cup mild ,2 tsp dried and chopped ,1/4 tsp crushed ,2 2 inch strips , , , , , ,,
Screaming Orgasm,Alcoholic,Cocktail glass,Vodka,Bailey's irish cream,Kahlua,,,,,,,,,,1 oz ,1 1/2 oz ,1/2 oz , , , , , ,,,,
Screwdriver,Alcoholic,Highball glass,Vodka,Orange juice,,,,,,,,,,,2 oz ,,,,,,,,,,,
Sea breeze,Alcoholic,Highball glass,Vodka,Cranberry juice,Grapefruit juice,,,,,,,,,,1 1/2 oz ,4 oz ,1 oz , , , , , ,,,,
Sex on the Beach,Alcoholic,Highball glass,Vodka,Peach schnapps,Cranberry juice,Grapefruit juice,,,,,,,,,1 oz ,3/4 oz ,, , , , , ,,,,
Shanghai Cocktail,Alcoholic,Cocktail glass,Light rum,Anisette,Grenadine,Lemon,,,,,,,,,1 oz Jamaican ,1 tsp ,1/2 tsp ,Juice of 1/4 , , , , , ,,,
Shark Attack,Alcoholic,Pitcher,Lemonade,Water,Vodka,,,,,,,,,,1 can ,3 cans ,1 1/2 cup , , , , , ,,,,
Sherry Eggnog,Alcoholic,Collins glass,Sherry,Powdered sugar,Egg,Milk,Nutmeg,,,,,,,,2 oz cream ,1 tsp ,1 whole ,"
", , , , , ,,,
Sherry Flip,Alcoholic,Whiskey sour glass,Sherry,Light cream,Powdered sugar,Egg,Nutmeg,,,,,,,,1 1/2 oz cream ,2 tsp ,1 tsp ,1 whole ,"
","
","
","
","
","
",,
Shot-gun,Alcoholic,Shot glass,Jim Beam,Jack Daniels,Wild Turkey,,,,,,,,,,1 part ,1 part ,1 oz , , , , , ,,,,
Sidecar,Alcoholic,Cocktail glass,Cognac,Cointreau,Lemon juice,,,,,,,,,,2 oz ,1/2 oz ,1 oz , , , , , ,,,,
Sidecar Cocktail,Alcoholic,Cocktail glass,Brandy,Triple sec,Lemon,,,,,,,,,,1 oz ,1/2 oz ,Juice of 1/4 , , , , , ,,,,
Singapore Sling,Alcoholic,Hurricane glass,Cherry brandy,Grenadine,Gin,Sweet and sour,Carbonated water,Cherry,,,,,,,1/2 oz ,1/2 oz ,1 oz ,2 oz ,,,,,,,,
Sloe Gin Cocktail,Alcoholic,Cocktail glass,Sloe gin,Dry Vermouth,Orange bitters,,,,,,,,,,2 oz ,1/4 tsp ,1 dash , , , , , ,,,,
Smut,Alcoholic,Beer mug,Red wine,Peach schnapps,Pepsi Cola,Orange juice,,,,,,,,,1/3 part ,1 shot ,1/3 part ,1/3 part , , , , , ,,,
Snake Bite (UK),Alcoholic,Pint glass,Lager,Cider,,,,,,,,,,,1/2 pint ,1/2 pint sweet or dry , , , , , ,,,,,
Snakebite and Black,Alcoholic,Pint glass,Lager,Cider,Blackcurrant squash,,,,,,,,,,1/2 pint ,1/2 pint ,A little bit of , , , , , ,,,,
Snowball,Alcoholic,Highball glass,Advocaat,Lemonade,Lemon,Ice,,,,,,,,,1 1/2 oz ,8-10 oz cold ,1 slice ," cubes
","
","
","
","
","
",,,
Sol Y Sombra,Alcoholic,Brandy snifter,Brandy,Anisette,,,,,,,,,,,1 1/2 oz ,1 1/2 oz , , , , , ,,,,,
Space Odyssey,Alcoholic,Highball glass,151 proof rum,Malibu rum,Pineapple juice,Orange juice,Grenadine,Cherries,,,,,,,1 shot Bacardi ,1 shot ,1 shot ,"
","
", , , , , ,,
Spanish chocolate,Non alcoholic,Coffee mug,Milk,Chocolate,Cinnamon,Egg yolk,,,,,,,,,2 cups ,2 oz sweet ,1/2 tsp ,2 beaten , , , , , ,,,
Spiced Peach Punch,Non alcoholic,Collins Glass,Peach nectar,Orange juice,Brown sugar,Cinnamon,Cloves,Lime juice,,,,,,,46 oz ,20 oz ,1/2 cup ,3 3-inch ,1/2 tsp ,2 tblsp , , , , , ,
Spiking coffee,Non alcoholic,Coffee mug,Coffee,Cinnamon,,,,,,,,,,,"
", , , , , ,,,,,,
Spritz,Alcoholic,Old-Fashioned glass,Prosecco,Campari,Soda Water,,,,,,,,,,6 cl,4 cl,splash,,, , ,,,,,
Stinger,Alcoholic,Cocktail glass,Brandy,White Creme de Menthe,,,,,,,,,,,1 1/2 oz ,1/2 oz , , , , , ,,,,,
Stone Sour,Alcoholic,Whiskey sour glass,Apricot brandy,Orange juice,Sweet and sour,,,,,,,,,,1 oz ,1 oz ,1 oz , , , , , ,,,,
Strawberry Daiquiri,Alcoholic,Cocktail glass,Strawberry schnapps,Light rum,Lime juice,Powdered sugar,Strawberries,,,,,,,,1/2 oz ,1 oz ,1 oz ,1 tsp ,1 oz , , , , , ,,
Strawberry Lemonade,Non alcoholic,Collins Glass,Lemon,Sugar,Strawberries,Water,,,,,,,,,Juice of 1 ,1 tblsp ,8-10 ripe ,1 cup , , , , , ,,,
Strawberry Margarita,Alcoholic,Cocktail glass,Strawberry schnapps,Tequila,Triple sec,Lemon juice,Strawberries,Salt,,,,,,,1/2 oz ,1 oz ,1/2 oz ,1 oz ,1 oz ,"
","
","
","
","
","
",
Strawberry Shivers,Non alcoholic,Highball glass,Strawberries,Honey,Water,,,,,,,,,,1 1/2 cup ,4 tsp ,1/2 cup , , , , , ,,,,
Sunny Holiday Punch,Optional alcohol,Punch bowl,Pineapple juice,Club soda,Orange juice,Lemon,Berries,Champagne,,,,,,,46 oz chilled ,28 oz ,6 oz frozen ,1,2 cups ,1 bottle , , , , , ,
Surf City Lifesaver,Alcoholic,Highball glass,Ouzo,Bailey's irish cream,Gin,Grand Marnier,,,,,,,,,1 part ,1 part ,2 parts ,1/2 part , , , , , ,,,
Swedish Coffee,Alcoholic,Coffee Mug,Coffee,Aquavit,Sugar,,,,,,,,,,1 cup,4 cl ,By taste , , , , , ,,,,
Sweet Bananas,Non alcoholic,Highball Glass,Milk,Banana,Honey,,,,,,,,,,2 cups ,1,1 tblsp , , , , , ,,,,
Sweet Sangria,Alcoholic,Pitcher,Red wine,Sugar,Water,Apple,Orange,Lime,Lemon,Fresca,,,,,2 bottles ,1 cup ,2 cups hot ,1 cup ," wedges
"," wedges
","
","
","
","
","
","
"
Sweet Tooth,Alcoholic,Highball Glass,Godiva liqueur,Milk,,,,,,,,,,,2 shots ,"
","
","
","
","
","
",,,,,
Talos Coffee,Alcoholic,Brandy snifter,Grand Marnier,Coffee,,,,,,,,,,,3 parts ,1 part , , , , , ,,,,,
Tennesee Mud,Alcoholic,Coffee Mug,Coffee,Jack Daniels,Amaretto,Whipped cream,,,,,,,,,8 oz ,4 oz ,4 oz ,"
","
","
","
","
","
",,,
Tequila Fizz,Alcoholic,Collins glass,Tequila,Lemon juice,Grenadine,Egg white,Ginger ale,,,,,,,,2 oz ,1 tblsp ,3/4 oz ,1,"
","
","
","
","
","
",,
Tequila Sour,Alcoholic,Whiskey sour glass,Tequila,Lemon,Powdered sugar,Lemon,Cherry,,,,,,,,2 oz ,Juice of 1/2 ,1 tsp ,1/2 slice ,1, , , , , ,,
Tequila Sunrise,Alcoholic,Highball glass,Tequila,Orange juice,Grenadine,,,,,,,,,,2 measures ,,,,,,,,,,,
Tequila Surprise,Alcoholic,Shot glass,Tequila,Tabasco sauce,,,,,,,,,,,full glass ,About 8 drops , , , , , ,,,,,
Texas Rattlesnake,Alcoholic,Highball glass,Yukon Jack,Cherry brandy,Southern Comfort,Sweet and sour,,,,,,,,,1 part ,1/2 part ,1 part ,1 splash , , , , , ,,,
Texas Sling,Alcoholic,Wine Glass,Kahlua,Irish cream,Amaretto,151 proof rum,Cream,,,,,,,,1/2 oz ,1/2 oz ,1/2 oz ,1/2 oz Bacardi ,1 oz , , , , , ,,
Thai Coffee,Non alcoholic,Highball glass,Coffee,Coriander,Cardamom,Sugar,Whipping cream,Ice,,,,,,,6 tblsp ground,1/4 tsp ,4-5 whole green ,,,,,,,,,
Thai Iced Coffee,Non alcoholic,Highball glass,Coffee,Sugar,Cream,Cardamom,,,,,,,,,black,"
"," pods
","
","
","
","
","
",,,,
Thai Iced Tea,Non alcoholic,Highball glass,Tea,Water,Condensed milk,Ice,Mint,,,,,,,,1/4 cup Thai ,1/2 cup boiling ,2 tsp sweetened ," cubes
", , , , , ,,,
The Evil Blue Thing,Alcoholic,Old-fashioned glass,Creme de Cacao,Blue Curacao,Light rum,,,,,,,,,,1 1/2 oz ,1 oz ,1/2 oz , , , , , ,,,,
Thriller,Alcoholic,Cocktail glass,Scotch,Wine,Orange juice,,,,,,,,,,1 1/2 oz ,1 oz Green Ginger ,1 oz , , , , , ,,,,
Tia-Maria,Alcoholic,Collins Glass,Water,Brown sugar,Coffee,Rum,Vanilla extract,,,,,,,,1 cup ,3/4-1 cup ,4 tsp ,1 cup ,4 tsp , , , , , ,,
Tom Collins,Alcoholic,Collins glass,Gin,Lemon juice,Sugar,Club soda,Maraschino cherry,Orange,,,,,,,2 oz ,1 oz ,1 tsp superfine ,3 oz ,1,1, , , , , ,
Tomato Tang,Non alcoholic,Highball glass,Tomato juice,Lemon juice,Celery salt,,,,,,,,,,2 cups ,1-2 tblsp ,1 dash , , , , , ,,,,
Tommy's Margarita,Alcoholic,Old-Fashioned glass,Tequila,Lime Juice,Agave syrup,,,,,,,,,,4.5 cl,1.5 cl,2 spoons,,, , ,,,,,
Turf Cocktail,Alcoholic,Cocktail glass,Dry Vermouth,Gin,Anis,Bitters,Orange peel,,,,,,,,1 oz ,1 oz ,1/4 tsp ,2 dashes ,Twist of , , , , , ,,
Turkeyball,Alcoholic,Shot glass,Wild Turkey,Amaretto,Pineapple juice,,,,,,,,,,1 oz ,3/4 oz ,1 splash , , , , , ,,,,
Tuxedo Cocktail,Alcoholic,Cocktail glass,Dry Vermouth,Gin,Maraschino liqueur,Anis,Orange bitters,Cherry,,,,,,,1 1/2 oz ,1 1/2 oz ,1/4 tsp ,1/4 tsp ,2 dashes ,1, , , , , ,
Valencia Cocktail,Alcoholic,Cocktail glass,Apricot brandy,Orange juice,Orange bitters,,,,,,,,,,1 1/2 oz ,1 tblsp ,2 dashes , , , , , ,,,,
Vampiro,Alcoholic,Old-Fashioned glass,Tequila,Tomato Juice,Orange Juice,Lime Juice,Sugar Syrup,Salt,,,,,,,6 cl,3 cl,3 cl,1.5 cl,1 dash,1 pinch, ,,,,,
Van Vleet,Alcoholic,Old-fashioned glass,Light rum,Maple syrup,Lemon juice,,,,,,,,,,3 oz ,1 oz ,1 oz , , , , , ,,,,
Vermouth Cassis,Alcoholic,Highball glass,Dry Vermouth,Creme de Cassis,Carbonated water,,,,,,,,,,1 1/2 oz ,3/4 oz ,"
","
","
","
","
","
",,,,
Vesper,Alcoholic,Cocktail glass,Gin,Vodka,Lillet Blanc,,,,,,,,,,6 cl,1.5 cl,0.75 cl,,, , ,,,,,
Vesuvio,Alcoholic,Old-fashioned glass,Light rum,Sweet Vermouth,Lemon,Powdered sugar,Egg white,,,,,,,,1 oz ,1/2 oz ,Juice of 1/2 ,1 tsp ,1, , , , , ,,
Veteran,Alcoholic,Old-fashioned glass,Dark rum,Cherry brandy,,,,,,,,,,,2 oz ,1/2 oz , , , , , ,,,,,
Victor,Alcoholic,Cocktail glass,Gin,Sweet Vermouth,Brandy,,,,,,,,,,1 1/2 oz ,1/2 oz ,1/2 oz , , , , , ,,,,
Victory Collins,Alcoholic,Collins glass,Vodka,Lemon juice,Grape juice,Powdered sugar,Orange,,,,,,,,1 1/2 oz ,3 oz ,3 oz unsweetened ,1 tsp ,1 slice , , , , , ,,
Vodka And Tonic,Alcoholic,Highball glass,Vodka,Tonic water,,,,,,,,,,,2 oz ,"
","
","
","
","
","
",,,,,
Vodka Fizz,Alcoholic,White wine glass,Vodka,Half-and-half,Limeade,Ice,Nutmeg,,,,,,,,2 oz ,2 oz ,2 oz ,"
","
","
","
","
","
","
",,
Vodka Martini,Alcoholic,Cocktail glass,Vodka,Dry Vermouth,Olive,,,,,,,,,,1 1/2 oz ,3/4 oz ,1, , , , , ,,,,
Vodka Russian,Alcoholic,Collins Glass,Vodka,Schweppes Russchian,,,,,,,,,,,2 oz ,"
","
","
","
","
","
",,,,,
Waikiki Beachcomber,Alcoholic,Cocktail glass,Triple sec,Gin,Pineapple juice,,,,,,,,,,3/4 oz ,3/4 oz ,1 tblsp , , , , , ,,,,
Whiskey Sour,Alcoholic,Old-fashioned glass,Blended whiskey,Lemon,Powdered sugar,Cherry,Lemon,,,,,,,,2 oz ,Juice of 1/2 ,1/2 tsp ,1,1/2 slice , , , , , ,,
Whisky Mac,Alcoholic,Collins Glass,Scotch,Wine,,,,,,,,,,,1 1/2 oz ,1 oz Green Ginger , , , , , ,,,,,
White Lady,Alcoholic,Cocktail glass,Gin,Triple Sec,Lemon Juice,,,,,,,,,,4cl,3cl,2cl,, , , , , ,,,
White Russian,Alcoholic,Old-fashioned glass,Vodka,Coffee liqueur,Light cream,,,,,,,,,,2 oz ,1 oz ,"
","
","
","
","
","
",,,,
Whitecap Margarita,Alcoholic,Margarita/Coupette glass,Ice,Tequila,Cream of coconut,Lime juice,,,,,,,,,1 cup ,2 oz ,1/4 cup ,3 tblsp fresh , , , , , ,,,
Wine Cooler,Optional alcohol,Collins Glass,Red wine,Lemon-lime soda,Ice,,,,,,,,,,2 oz white or ,5 oz ," cubes
","
","
","
","
","
",,,,
Wine Punch,Alcoholic,Collins Glass,Red wine,Lemon,Orange juice,Orange,Pineapple juice,,,,,,,,1 bottle ,2,1 cup ,3,1 cup , , , , , ,,
Yellow Bird,Alcoholic,Cocktail glass,White Rum,Galliano,Triple Sec,Lime Juice,,,,,,,,,3 cl,1.5 cl,1.5 cl,1.5 cl, , , , , ,,,
Yoghurt Cooler,Non alcoholic,Highball Glass,Yoghurt,Fruit,Ice,,,,,,,,,,1 cup ,1 cup ,"
","
","
","
","
","
",,,,
Zambeer,Alcoholic,Collins Glass,Sambuca,Root beer,Ice,,,,,,,,,,1 1/2 oz ,Add 10 oz ," cubes
","
","
","
","
","
",,,,
Zenmeister,Alcoholic,Collins Glass,Jägermeister,Root beer,,,,,,,,,,,1/2 oz ,1/2 oz , , , , , ,,,,,
Ziemes Martini Apfelsaft,Alcoholic,Collins Glass,Vermouth,Apple juice,,,,,,,,,,,4 cl ,16 cl , , , , , ,,,,,
Zima Blaster,Alcoholic,Hurricane glass,Zima,Chambord raspberry liqueur,,,,,,,,,,,12 oz ,3 oz , , , , , ,,,,,
Zimadori Zinger,Alcoholic,Collins glass,Midori melon liqueur,Zima,,,,,,,,,,,1.5 oz ,12 oz , , , , , ,,,,,
Zinger,Alcoholic,Highball glass,Peachtree schnapps,Surge,,,,,,,,,,,4 shots ,4 shots , , , , , ,,,,,
Zipperhead,Alcoholic,Whiskey sour glass,Chambord raspberry liqueur,Vodka,Soda water,,,,,,,,,,1 shot ,1 shot ,Fill with , , , , , ,,,,
Zippy's Revenge,Alcoholic,Old-fashioned glass,Amaretto,Rum,Kool-Aid,,,,,,,,,,2 oz ,2 oz ,4 oz Grape , , , , , ,,,,
Zizi Coin-coin,Alcoholic,Margarita/Coupette glass,Cointreau,Lemon juice,Ice,Lemon,,,,,,,,,5 cl ,2 cl ," cubes
"," or lime
","
","
","
","
","
",,,
Zoksel,Alcoholic,Beer pilsner,Beer,Root beer,Lemonade,Coca-Cola,7-Up,Creme de Cassis,Lemon,,,,,,"
","
","
"," slice
","
","
","
","
","
",,,
Zorbatini,Alcoholic,Cocktail glass,Vodka,Ouzo,,,,,,,,,,,1 1/4 oz Stoli ,1/4 oz , , , , , ,,,,,
Zorro,Alcoholic,Coffee Mug,Sambuca,Bailey's irish cream,White Creme de Menthe,,,,,,,,,,2 cl ,2 cl ,2 cl , , , , , ,,,,